id,measured,predicted,SMILES
Iodobenzene,0.04324217281918548,-3.8,Ic1ccccc1
Diethyldisulfide,0.32511463532340557,-2.364,CCSSCC
2-Hexanone,1.0990695323688915,-1.2,CCCCC(=O)C
4-Methylpentanol,0.936634553976629,-1.381,CC(C)CCCO
o-Toluidine,0.42544212197745,-1.922,Cc1ccccc1N
chlorquinox,-1.112912673384565,-4.438,c2(Cl)c(Cl)c(Cl)c1nccnc1c2(Cl) 
Trichloroacetonitrile,0.44550761930825883,-2.019,ClC(Cl)(Cl)C#N
"1,4-Dinitrobenzene",-0.13830280303099038,-2.281,O=N(=O)c1ccc(cc1)N(=O)=O
1-Octyne ,-0.2672952858719047,-2.509,CCCCCCC#C
1-Bromoheptane,-0.6351627369367342,-3.366,CCCCCCCBr
norflurazon,-0.4517067613407674,-4.029,CNc2cnn(c1cccc(c1)C(F)(F)F)c(=O)c2Cl
oxyphenbutazone,-0.3007377814232528,-3.739,CCCCC1C(=O)N(N(C1=O)c2ccc(O)cc2)c3ccccc3 
metalaxyl,0.716391833274179,-2.87,COCC(=O)N(C(C)C(=O)OC)c1c(C)cccc1C 
t-Crotonaldehyde,1.634149461190462,-0.604,C/C=C/C=O
Reverse Transcriptase inhibitor 1,0.22956464803383933,-2.7939999999999996,CCN2c1ncccc1N(C)C(=O)c3cccnc23 
Azobenzene,-0.644717735665691,-4.034,N(=Nc1ccccc1)c2ccccc2
triamcinolone acetonide,-0.5778327445629945,-3.928,CC5(C)OC4CC3C2CCC1=CC(=O)C=CC1(C)C2(F)C(O)CC3(C)C4(O5)C(=O)CO 
3-chloropropionitrile,1.342721999957285,-0.522,ClCCC#N 
Isopropyl acetate,1.2185070164808491,-1.1909999999999998,CC(C)OC(=O)C
2-Ethyl-2-hexanal,0.3060046378654923,-2.081,CCCC=C(CC)C=O
Butethal,0.6877268370873091,-1.974,CCCCC1(CC)C(=O)NC(=O)NC1=O
Pentobarbital,0.3394471334168404,-2.312,O=C1NC(=O)NC(=O)C1(CC)C(C)CCC
1-Hexadecanol,-1.8629800736076594,-4.94,CCCCCCCCCCCCCCCCO
"2,3,5-Trichlorophenol",0.20567715121144786,-3.78,Oc1cc(Cl)cc(Cl)c1Cl
Propanil,0.04801967218366368,-3.6439999999999997,CCC(=O)Nc1ccc(Cl)c(Cl)c1
Permethrin,-1.5242553686661475,-7.129,CC1(C)C(C=C(Cl)Cl)C1C(=O)OCc2cccc(Oc3ccccc3)c2
6-hydroxyquinoline,0.44932961879984146,-2.725,Oc2ccc1ncccc1c2 
3-Octanol,0.5353246073604511,-2.033,CCCCCC(O)CC
Benzo(k)fluoranthene,-2.5748274789149272,-6.007000000000001,c1ccc2cc3c4cccc5cccc(c3cc2c1)c45
DDD,-1.9585300608972256,-6.007999999999999,ClC(Cl)C(c1ccc(Cl)cc1)c2ccc(Cl)cc2
Aminocarb,0.3537796315102754,-2.677,CNC(=O)Oc1ccc(N(C)C)c(C)c1
1-Decanol,-0.25296278777846964,-2.8139999999999996,CCCCCCCCCCO
rhodanine,0.6356520940144955,-0.396,C1SC(=S)NC1(=O)
"2,2-Dimethylpentane",-0.6017202413853864,-2.938,CCCC(C)(C)C
p-Nitrotoluene,0.2916721397720573,-2.64,Cc1ccc(cc1)N(=O)=O
Dimethoxymethane,1.7105894510221147,0.092,COCOC
Acephate,1.7392544472089846,-0.41600000000000004,COP(=O)(NC(C)=O)SC 
"3,5-Dimethylpyridine",1.6628144573773316,-2.0980000000000003,Cc1cncc(C)c1
"2,2'-PCB",-1.0364726835529119,-4.984,Clc1ccccc1c2ccccc2Cl 
Butyl acetate,0.8267520685936278,-1.111,CCCCOC=O
testosterone acetate,-0.9953861890183988,-4.449,CC(=O)OC3CCC4C2CCC1=CC(=O)CCC1(C)C2CCC34C 
dibutyl sebacate,-0.3800442708735929,-4.726,CCCCOC(=O)CCCCCCCCC(=O)OCCCC
"2,2-Dimethylpentanol",0.7550895781264533,-1.719,CCCC(C)(C)CO
p-Toluenesulfonamide ,0.6499845921079305,-1.815,Cc1ccc(cc1)S(=O)(=O)N
Ioxynil,-0.24340778904951305,-4.615,Oc1c(I)cc(C#N)cc1I
styrene oxide,0.7168695832106268,-1.8259999999999998,C1OC1c2ccccc2 
Azodrin,1.7922846901546938,-0.9490000000000001,CNC(=O)C=C(C)OP(=O)(OC)OC
Phenol,1.481269481527156,-1.9909999999999999,c1ccccc1O
norethindrone acetate,-0.8119302134224317,-4.2410000000000005,CC(=O)OC3(CCC4C2CCC1=CC(=O)CCC1C2CCC34C)C#C
Dipropyl ether,0.7073145844816701,-1.426,CCCOCCC
3-Methylcholanthrene,-2.3025100151396636,-6.311,c1cc(C)cc2c1c3cc4cccc5CCc(c45)c3cc2
phenylbutazone,-0.33895777633907925,-4.0760000000000005,CCCCC1C(=O)N(N(C1=O)c2ccccc2)c3ccccc3 
nicotinamide,1.7726969427603327,-0.9640000000000001,NC(=O)c1cccnc1 
Diethyl phthalate ,0.35855713087475366,-3.016,CCOC(=O)c1ccccc1C(=O)OCC
"2,4-Dimethyl-3-pentanol",0.8984145590608025,-1.6469999999999998,CC(C)C(O)C(C)C
"cis-1,2-Dimethylcyclohexane",-0.5730552451985162,-3.305,C/C1CCCCC1\C
Hexamethylbenzene,-1.0173626860949991,-4.361000000000001,Cc1c(C)c(C)c(C)c(C)c1C
Desmedipham,-0.731668224099196,-4.1819999999999995,CCOC(=O)Nc2cccc(OC(=O)Nc1ccccc1)c2 
Dieldrin,-1.5237776187296996,-4.533,ClC4=C(Cl)C5(Cl)C3C1CC(C2OC12)C3C4(Cl)C5(Cl)Cl
Dienestrol,-0.8835927038896064,-4.775,CC=C(C(=CC)c1ccc(O)cc1)c2ccc(O)cc2
1-Dodecanol,-0.8119302134224317,-3.523,CCCCCCCCCCCCO
Cypermethrin,-2.348851758975104,-6.775,CC1(C)C(C=C(Cl)Cl)C1C(=O)OC(C#N)c2cccc(Oc3ccccc3)c2
Isonazid,1.4855692309551864,-0.7170000000000001,c1nccc(C(=O)NN)c1
7-methylpteridine,1.0732710358007085,-1.24,Cc2cnc1cncnc1n2
2-Ethyl-1-hexanol,0.4732171156222331,-2.089,CCCCC(CC)CO
Thiamphenicol,0.4521961184185286,-1.936,CS(=O)(=O)c1ccc(cc1)C(O)C(CO)NC(=O)C(Cl)Cl 
Ipazine,-0.32701402792788353,-3.497,CCN(CC)c1nc(Cl)nc(NC(C)C)n1
"1,3-Difluorobenzene",0.5257696086314945,-2.636,Fc1cccc(F)c1
"1,3,5-Trichlorobenzene",-0.6590502337591261,-4.159,Clc1cc(Cl)cc(Cl)c1
Thiophene,0.845862066051541,-2.2319999999999998,c1ccsc1
"2,2-Dimethyl-1-butanol",0.984409547621412,-1.365,CCC(C)(C)CO
"1,8-Cineole",0.6499845921079305,-2.5789999999999997,CC12CCC(CC1)C(C)(C)O2
N-Ethylaniline,0.6690945895658437,-2.3890000000000002,CCNc1ccccc1
Progesterone,-0.630385237572256,-4.17,CC(=O)C1CCC2C3CCC4=CC(=O)CCC4(C)C3CCC12C
2-Bromopropane,0.721647082575105,-1.949,CC(C)Br
Diisopropyl ether ,0.9557445514345422,-1.281,CC(C)OC(C)C
pregnenolone,-0.7402677229552572,-4.342,CC(=O)C3CCC4C2CC=C1CC(O)CCC1(C)C2CCC34C 
Anilofos,-0.6361182368096298,-5.106,COP(=S)(OC)SCC(=O)N(C(C)C)c1ccc(Cl)cc1
Ethyl-p-hydroxybenzoate ,0.35855713087475366,-2.761,CCOC(=O)c1ccc(O)cc1
"1,1,2-Trichlorotrifluoroethane",0.028909674725750435,-3.077,FC(F)(Cl)C(F)(Cl)Cl
Ethyl propionate,1.1659545234715876,-1.1909999999999998,CCOC(=O)CC
Cyclohexanol ,1.2710595094901105,-1.261,OC1CCCCC1
trans-2-Heptene ,-0.3437352757035575,-2.784,CCCC/C=C/C
hydrobenzoin,0.5592121041828426,-2.645,c1ccccc1C(O)C(O)c2ccccc2
mannitol,1.509934477714026,0.647,OCC(O)C(O)C(O)C(O)CO 
Methyl propyl ether ,1.294947006312502,-0.718,CCCOC
Triethyl phosphate,1.6867019541997232,-0.953,CCOP(=O)(OCC)OCC
p-Bromoiodobenzene,-0.6972702286749521,-4.754,Brc1ccc(I)cc1
Bensulide,-0.5252802515537334,-4.99,CC(C)OP(=S)(OC(C)C)SCCNS(=O)(=O)c1ccccc1
1-Bromobutane,0.349002132145797,-2.303,CCCCBr
Kepone,-1.0312174342519858,-5.112,ClC1(C(=O)C2(Cl)C3(Cl)C14Cl)C5(Cl)C2(Cl)C3(Cl)C(Cl)(Cl)C45Cl
"3,3-Dimethyl-2-butanol",1.185064520929501,-1.2919999999999998,CC(O)C(C)(C)C
1-Bromopentane,0.009799677267837188,-2.658,CCCCCBr
Cyclohexene,0.24389714612727437,-2.16,C1CCC=CC1
uric acid,-0.396287768712819,-0.541,O=c2[nH]c(=O)c1[nH]c(=O)[nH]c1[nH]2 
benzylurea,1.0274070419017167,-1.5090000000000001,NC(=O)NCc1ccccc1 
1-Nitropropane,1.0990695323688915,-0.816,CCCN(=O)=O
"2,4,6-PCB",-1.4521151282625249,-5.604,Clc1ccc(cc1)c2c(Cl)cccc2Cl 
Dialifos,-1.547665115552091,-5.026,CCOP(=S)(OCC)SC(CCl)N2C(=O)c1ccccc1C2=O
Medrogestone,-1.0364726835529119,-4.593,CC(=O)C3(C)CCC4C2C=C(C)C1=CC(=O)CCC1(C)C2CCC34C
3-Chlorobiphenyl,-0.8501502083382582,-4.685,c1c(Cl)cccc1c2ccccc2
Dapsone,0.003111178157567657,-2.464,Nc1ccc(cc1)S(=O)(=O)c2ccc(N)cc2
3-Chlorophenol,1.1468445260136744,-2.761,Oc1cccc(Cl)c1
2-Hydroxypyridine,1.9685744167039436,-1.655,Oc1ccccn1
3-Methyl-3-heptanol,0.7168695832106268,-2.017,CCCCC(C)(O)CC
Acetonitrile,1.605484465003592,0.152,CC#N
Corticosterone,-0.0666403125638158,-3.4539999999999997,CC12CC(O)C3C(CCC4=CC(=O)CCC34C)C2CCC1C(=O)CO
p-Xylene ,0.15790215756666476,-3.035,Cc1ccc(C)cc1
Carboxin,-0.018865318919032686,-2.927,CC1=C(SCCO1)C(=O)Nc2ccccc2
Diazinon,-0.25774028714294805,-3.989,CCOP(=S)(OCC)Oc1cc(C)nc(n1)C(C)C
1-Butene,0.5544346048183644,-1.655,CCC=C
"5,5-Diisopropylbarbital",0.15981315731245607,-1.942,O=C1NC(=O)NC(=O)C1(C(C)C)C(C)C
1-Butyne,0.8888595603318459,-1.092,CCC#C
2-Methyl-3-pentanol,1.1468445260136744,-1.308,CCC(O)C(C)C
Pirimicarb,0.549657105453886,-2.34,CN(C)C(=O)Oc1nc(nc(C)c1C)N(C)C
"1,2,4,5-Tetrabromobenzene",-1.8534250748787031,-6.001,Brc1cc(Br)c(Br)cc1Br
isophorone,0.9748545488924554,-2.015,CC1=CC(=O)CC(C)(C)C1 
estriol,-0.8859814535718455,-3.858,CC34CCC1C(CCc2cc(O)ccc12)C3CC(O)C4O 
Triadimefon,-0.24340778904951305,-4.132,CC(C)(C)C(=O)C(Oc1ccc(Cl)cc1)n2cncn2
Iodofenphos,-1.681435097757484,-6.148,COP(=S)(OC)Oc1cc(Cl)c(I)cc1Cl
Ditalimfos,-0.11919280557307713,-3.992,CCOP(=S)(OCC)N2C(=O)c1ccccc1C2=O
eucalyptol,0.6977595857527136,-2.5789999999999997,CC12CCC(CC1)C(C)(C)O2 
Propyl acetate,1.1372895272847179,-1.125,CCCOC(=O)C
Meprobamate,0.6179753463659259,-1.376,CCCC(C)(COC(N)=O)COC(N)=O 
"2,6-Dimethylphenol",0.8649720635094543,-2.589,Cc1cccc(C)c1O
Benzophenone,-0.009310320190076061,-3.612,O=C(c1ccccc1)c2ccccc2
Toluene ,0.42544212197745,-2.713,Cc1ccccc1
"3,4-Dimethylphenol",0.8219745692291496,-2.6210000000000004,Cc1ccc(O)cc1C
Indapamide,-0.2319417905747653,-4.345,CC2Cc1ccccc1N2NC(=O)c3ccc(Cl)c(c3)S(N)(=O)=O 
Stirofos,-0.6791157310899348,-4.32,COP(=O)(OC)OC(=CCl)c1cc(Cl)c(Cl)cc1Cl
Salicylamide,0.6041205982089388,-1.942,NC(=O)c1ccccc1O
m-Chloroiodobenzene,-0.21474279286264317,-4.3839999999999995,Clc1cccc(I)c1
Sulfallate,-0.13830280303099038,-3.2539999999999996,CCN(CC)C(=S)SCC(Cl)=C
hematein,0.19134465311801283,-1.795,c1cc(O)c(O)c2OCC3(O)CC4=CC(=O)C(O)=CC4=C3c21
Isoprocarb,0.1134714134770165,-2.734,CNC(=O)Oc1ccccc1C(C)C
Methyl hexanoate,0.5878771003697124,-1.899,CCCCCC(=O)OC
Propiconazole,-0.18751104648511704,-4.603,CCCC1COC(Cn2cncn2)(O1)c3ccc(Cl)cc3Cl
Oxazepam,-0.4067982673146712,-3.517,OC3N=C(c1ccccc1)c2cc(Cl)ccc2NC3=O 
Pentylcyclopentane,-1.4234501320756552,-3.8689999999999998,CCCCCC1CCCC1
Nitroethane,1.3761644955086332,-0.462,CCN(=O)=O
3-Methyl-2-butanone,1.4239394891534163,-0.912,CC(C)C(=O)C
m-Chloronitrobenzene ,0.15790215756666476,-2.9010000000000002,Clc1cccc(c1)N(=O)=O
2-Methylnapthalene,-0.319847778881166,-3.802,Cc1ccc2ccccc2c1
theobromine,0.2759063918692789,-1.05,Cn1cnc2n(C)c(=O)[nH]c(=O)c12 
"1,1,2-Trichloroethane",0.7741995755843665,-1.9609999999999999,ClCC(Cl)Cl
"1,1-Diethoxyethane ",1.2758370088545887,-0.899,CCOC(C)OCC
"p,p'-Biphenyldiamine ",0.19134465311801283,-2.613,Nc1ccc(cc1)c2ccc(N)cc2
Cycloheptene,-0.037975316376945935,-2.5989999999999998,C1CCC=CCC1
glucose,1.8348044344985508,0.501,OCC1OC(O)C(O)C(O)C1O
2-Heptanol ,0.7407570800330183,-1.6780000000000002,CCCCCC(C)O
3-Methyl-2-pentanone,1.1611770241071093,-1.266,CCC(C)C(=O)C
Cyanazine,-0.02364281828351089,-2.49,CCNc1nc(Cl)nc(NC(C)(C)C#N)n1
Carvacrol,0.48754961371566796,-3.2239999999999998,c1(O)c(C)ccc(C(C)C)c1
nevirapine,-0.04275281574142414,-3.397,Cc3ccnc4N(C1CC1)c2ncccc2C(=O)Nc34 
4-Chlorophenol ,1.1468445260136744,-2.761,Oc1ccc(Cl)cc1
Fluorometuron,-0.10486030747964209,-3.065,CN(C)C(=O)Nc1cccc(c1)C(F)(F)F
9-anthrol,-0.7784877178710837,-4.148,c3ccc2c(O)c1ccccc1cc2c3 
Inosine,0.8936370596963241,-0.8340000000000001,OCC1OC(C(O)C1O)n2cnc3c(O)ncnc23
Benzoxazole,0.9270795552476724,-2.214,c2ccc1ocnc1c2
phenothrin,-1.0221401854594774,-6.763,CC(C)=CC3C(C(=O)OCc2cccc(Oc1ccccc1)c2)C3(C)C 
Benzo(j)fluoranthene,-2.3407300100554904,-6.007000000000001,c1ccc2c3c(ccc2c1)c4cccc5cccc3c45
2-Propanol,1.6867019541997232,-0.261,CC(C)O
"1,2-Diethoxyethane ",1.1134020304623262,-0.833,CCOCCOCC
nitrofurantoin,-0.13352530366651197,-1.2429999999999999,O=C2CN(N=Cc1ccc(o1)N(=O)=O)C(=O)N2 
"1,4-Difluorobenzene",0.5401021067249294,-2.636,Fc1ccc(F)cc1
1-Octene ,-0.6399402363012128,-3.073,CCCCCCC=C
17a-Methyltestosterone,-0.4292525143277191,-4.073,CC1(O)CCC2C3CCC4=CC(=O)CCC4(C)C3CCC21C
Methyl butyrate,1.0895145336399348,-1.545,CCCOC(=O)CC
2-Ethylnaphthalene,-0.568277745834038,-4.1,CCc1ccc2ccccc2c1
"2,2',3,3'-PCB",-1.9967500558130522,-6.079,Clc1cccc(c1Cl)c2cccc(Cl)c2Cl
Ronnel,-1.251460154954436,-5.247000000000001,COP(=S)(OC)Oc1cc(Cl)c(Cl)cc1Cl
Ethyl-p-aminobenzoate,0.47799461498671136,-2.383,CCOC(=O)c1ccc(N)cc1
p-Nitroaniline,0.349002132145797,-1.936,Nc1ccc(cc1)N(=O)=O
1-Chlorohexane,-0.009310320190076061,-2.648,CCCCCCCl
Ethylcyclohexane,-0.5491677483761248,-3.245,CCC1CCCCC1
Diethyl ether ,1.4382719872468512,-0.718,CCOCC
Ethoxyzolamide,-0.33895777633907925,-3.085,CCOc2ccc1nc(sc1c2)S(N)(=O)=O 
Benzyltrifluoride,0.28211714104310087,-3.0989999999999998,FC(F)(F)c1ccccc1
Methyl octanoate,-0.03319781701246752,-2.608,CCCCCCCC(=O)OC
Hydrocortisone 21-acetate,-0.8501502083382582,-3.6919999999999997,CC(=O)OCC(=O)C1(O)CCC2C3CCC4=CC(=O)CCC4(C)C3C(O)CC21C
Propylcyclopentane,-0.783265217235562,-3.16,CCCC1CCCC1
Amigdalin,1.1134020304623262,-0.9740000000000001,OCC3OC(OCC2OC(OC(C#N)c1ccccc1)C(O)C(O)C2O)C(O)C(O)C3O 
methyl nicotinate,1.2615045107611538,-1.621,COC(=O)c1cccnc1 
Danazol,-1.1496994184910483,-4.5569999999999995,CC23Cc1cnoc1C=C2CCC4C3CCC5(C)C4CCC5(O)C#C
indazole,0.44932961879984146,-2.34,c2ccc1[nH]ncc1c2 
Ethyl pentanoate,0.6452070927434521,-1.899,CCCOC(=O)CCC
p-Chloroaniline,0.688204587023757,-2.392,Nc1ccc(Cl)cc1
5-Allyl-5-ethylbarbital,0.7101810841003571,-1.368,O=C1NC(=O)NC(=O)C1(CC)CC=C
m-Nitrotoluene,0.31555963659444897,-2.64,Cc1cccc(c1)N(=O)=O
1-Bromohexane,-0.33895777633907925,-3.012,CCCCCCBr
Chlorothalonil,-1.2132401600386093,-3.995,c1(C#N)c(Cl)c(C#N)c(Cl)c(Cl)c(Cl)1
1-Methylcyclohexene ,-0.08097281065725064,-2.574,CC1=CCCCC1
Isopropalin,-1.6193276060192658,-5.306,CCCN(CCC)c1c(cc(cc1N(=O)=O)C(C)C)N(=O)=O
4-Chloroanisole,0.15312465820218654,-3.057,COc1ccc(Cl)cc1
Methylcyclopentane,-0.09530530875068546,-2.452,CC1CCCC1
3-Hexanol,1.0990695323688915,-1.324,CCCC(O)CC
"5,5-Diallylbarbital",0.4889828635250115,-1.4709999999999999,O=C1NC(=O)NC(=O)C1(CC=C)CC=C
o-Xylene ,0.14356965947322992,-3.0039999999999996,Cc1ccccc1C
Butane,0.253452144856231,-1.9069999999999998,CCCC
"2,6-Dichlorophenol",0.6260970952855389,-3.012,Oc1c(Cl)cccc1Cl
Dibenzothiophene,-0.6112752401143428,-4.5969999999999995,c1ccc2c(c1)sc3ccccc23
Fluorobenzene,0.6213195959210606,-2.5140000000000002,Fc1ccccc1
1-Pentene ,0.20089965184696945,-2.01,CCCC=C
Pentachlorophenol,-0.5635002464695599,-4.835,Oc1c(Cl)c(Cl)c(Cl)c(Cl)c1Cl
Hexane ,-0.3532902744325141,-2.615,CCCCCC
deoxycorticosterone acetate,-0.7307127242263004,-4.4719999999999995,CC(=O)OCC(=O)C3CCC4C2CCC1=CC(=O)CCC1(C)C2CCC34C 
cycloate,-0.1430803023954686,-3.35,CCSC(=O)N(CC)C1CCCCC1 
stadacaine,-0.3532902744325141,-5.127999999999999,CCCCOc1ccc(C(=O)OCC)c(c1)N(CC)CC 
Benzotriazole,1.108624531097848,-2.21,c2ccc1[nH]nnc1c2
"3,3-Dimethyl-2-butanone",1.1372895272847179,-1.25,CC(=O)C(C)(C)C
Minoxidil,0.5310248579324206,-1.8090000000000002,Nc1cc(nc(N)n1=O)N2CCCCC2 
p-Chlorobromobenzene,-0.25296278777846964,-3.928,Clc1ccc(Br)cc1
Diisopropylsulfide,0.41110962388401495,-2.162,CC(C)SC(C)C
Pentachlorobenzene,-1.218017659403088,-5.167999999999999,Clc1cc(Cl)c(Cl)c(Cl)c1Cl
"2,2-Dimethylbutane",-0.21474279286264317,-2.5839999999999996,CCC(C)(C)C
Equilin,-1.0422056827902861,-3.555,CC34CCC1C(=CCc2cc(O)ccc12)C3CCC4=O
p-Chloroacetanilide,0.12302641220597313,-2.642,CC(=O)Nc1ccc(Cl)cc1
Phenylhydrazine,1.514711977078504,-1.8659999999999999,NNc1ccccc1
Ametryn,0.028909674725750435,-3.43,CCNc1nc(NC(C)C)nc(SC)n1
Mirex,-1.7674300863180932,-6.155,ClC1(C2(Cl)C3(Cl)C4(Cl)C5(Cl)C1(Cl)C3(Cl)Cl)C5(Cl)C(Cl)(Cl)C24Cl
Fenothiocarb,-0.39485451890347545,-3.2969999999999997,CN(C)C(=O)SCCCCOc1ccccc1
"1,3,5-Tribromobenzene",-1.1941301625806962,-5.27,Brc1cc(Br)cc(Br)c1
8-quinolinol,0.32511463532340557,-2.725,Oc1cccc2cccnc12 
"2,4,5-PCB",-1.5142226200007427,-5.7620000000000005,Clc1ccc(cc1)c2cc(Cl)ccc2Cl 
2-Nitropropane,1.185064520929501,-0.743,CC(C)N(=O)=O
4-Bromotoluene,-0.04275281574142414,-3.667,Cc1ccc(Br)cc1
5-Allyl-5-methylbarbital,0.9270795552476724,-1.013,O=C1NC(=O)NC(=O)C1(C)CC=C
Benzo(e)pyrene,-2.2451800227659238,-6.007000000000001,c1ccc2c(c1)c3cccc4ccc5cccc2c5c43
m-Methylaniline,1.0751820355464998,-1.954,Cc1cccc(N)c1
Chlorazine,-0.6260854881442258,-3.6630000000000003,CCN(CC)c1nc(Cl)nc(n1)N(CC)CC
Benzo(a)pyrene,-2.674677215632524,-6.007000000000001,c1ccc2c(c1)cc3ccc4cccc5ccc2c3c45
p-Chloronitrobenzene,0.08623966709949019,-2.9010000000000002,Clc1ccc(cc1)N(=O)=O
Methyl acetate,1.7010344522931582,-0.41600000000000004,COC(=O)C
Diphenylamine,-0.19276629578604282,-3.8569999999999998,N(c1ccccc1)c2ccccc2
Bromochloromethane,1.0560720380885866,-1.5190000000000001,ClCBr
guanine,-0.23050854076542174,-0.67,Nc2nc1[nH]cnc1c(=O)[nH]2 
Diphenyl ether ,-0.41062026680625385,-4.254,O(c1ccccc1)c2ccccc2
1-Butanol,1.481269481527156,-0.688,CCCCO
Benfluralin,-1.1606876670293482,-5.205,CCCCN(CC)c1c(cc(cc1N(=O)=O)C(F)(F)F)N(=O)=O
DEF,-0.974365191814694,-4.074,CCCCSP(=O)(SCCCC)SCCCC
RTI 15,-0.694403729056265,-3.891,CCN2c1nc(C)cc(C)c1NC(=O)c3cccnc23 
Benzocaine,0.23147564777963064,-2.383,CCOC(=O)c1ccc(N)cc1
2-Pentanone,1.3904969936020681,-0.846,CCCC(=O)C
Monotropitoside,1.1267790286828656,-1.493,COC(=O)c1ccccc1OC2OC(COC3OCC(O)C(O)C3O)C(O)C(O)C2O
4-Heptanol,0.812419570500193,-1.6780000000000002,CCCC(O)CCC
Fluometuron,-0.15741280048890363,-3.065,CN(C)C(=O)Nc1cccc(c1)C(F)(F)F
2-Iodopropane,0.4827721143511898,-2.4859999999999998,CC(C)I
2-Methylbutanol,1.2567270113966758,-1.0270000000000001,CCC(C)CO
Isocarboxazid,0.30552688792904453,-2.251,Cc1cc(no1)C(=O)NNCc2ccccc2
Flumethasone,-1.2003409117545178,-3.5389999999999997,CC1CC2C3CC(F)C4=CC(=O)C=CC4(C)C3(F)C(O)CC2(C)C1(O)C(=O)CO
"4,4'-PCB",-1.6527701015706138,-5.2989999999999995,Clc1ccc(cc1)c2ccc(Cl)cc2 
Methylparaben,0.6084203476369692,-2.441,COC(=O)c1ccc(O)cc1
Methyl propionate,1.4143844904244596,-0.836,CCC(=O)OC
Tetrafluthrin,-2.0163378032074135,-6.3389999999999995,Cc1c(F)c(F)c(COC(=O)C2C(C=C(Cl)C(F)(F)F)C2(C)C)c(F)c1F
2-Nonanol,0.17223465566009957,-2.387,CCCCCCCC(C)O
Prednisolone,-0.037975316376945935,-2.9739999999999998,CC12CC(O)C3C(CCC4=CC(=O)C=CC34C)C2CCC1(O)C(=O)CO
cyclobarbital,0.44455211943536327,-2.421,CCC1(C(=O)NC(=O)NC1=O)C2=CCCCC2 
1-Chloroheptane,-0.4297302642641671,-3.003,CCCCCCCCl
1-Methylnaphthalene,-0.28640528332981796,-3.802,Cc1cccc2ccccc12
butallylonal,0.21666539974974805,-2.766,CCC(C)C1(CC(Br)=C)C(=O)NC(=O)NC1=O 
"1,3-Benzenediol",1.868246930049899,-1.59,Oc1cccc(O)c1
Norea,-0.033675566948915506,-2.47,CN(C)C(=O)NC1CC2CC1C3CCCC23
RTI 11,-0.39533226883992323,-3.125,O2c1ccc(N)cc1N(C)C(=O)c3cc(C)ccc23 
"3,3-Dimethyl-1-butanol",1.2423945133032406,-1.365,CC(C)(C)CCO
2-Chlorotoluene,-0.20041029476920832,-3.2969999999999997,Cc1ccccc1Cl
Disulfiram,-0.8405952096093017,-3.862,CCN(CC)C(=S)SSC(=S)N(CC)CC
Warfarin,-0.3786110210642493,-3.9130000000000003,CC(=O)CC(c1ccccc1)c3c(O)c2ccccc2oc3=O 
Carbophenthion,-1.2591041539376016,-5.827999999999999,CCOP(=S)(OCC)SCSc1ccc(Cl)cc1
acetyl sulfisoxazole,-0.23385279032055642,-2.024,CC(=O)N(S(=O)c1ccc(N)cc1)c2onc(C)c2C 
1-Decene,-1.1511326683003915,-3.781,CCCCCCCCC=C
1-Hexanol,0.8888595603318459,-1.3969999999999998,CCCCCCO
hexacosane,-2.5002984888290656,-9.702,CCCCCCCCCCCCCCCCCCCCCCCCCC
1-Heptyne,0.04324217281918548,-2.155,CCCCCC#C
Tetradecane,-2.321620012597577,-5.45,CCCCCCCCCCCCCC
Santonin,0.005022177903358981,-2.43,CC3C2CCC1(C)C=CC(=O)C(=C1C2OC3=O)C
Heptane,-0.6829377305815175,-2.97,CCCCCCC
tetramethylurea,1.9303544217881172,-0.495,CN(C)C(=O)N(C)C 
RTI 24,-1.0794701778332172,-4.423,CCN2c1cc(Cl)ccc1NC(=O)c3cccnc23 
Buturon,-0.381955270619384,-3.199,CC(C#C)N(C)C(=O)Nc1ccc(Cl)cc1
Dienochlor,-1.9957945559401562,-7.848,ClC1=C(Cl)C(Cl)(C(=C1Cl)Cl)C2(Cl)C(=C(Cl)C(=C2Cl)Cl)Cl
7-methoxypteridine,1.04651703935963,-1.589,COc2cnc1cncnc1n2
benzoin,0.11968216265083825,-3.148,OC(C(=O)c1ccccc1)c2ccccc2
"1,1-Dichloroethylene",0.6977595857527136,-1.939,ClC(=C)Cl
4-Chlorotoluene,0.009799677267837188,-3.2969999999999997,Cc1ccc(Cl)cc1
Phenacetin,0.35855713087475366,-2.342,CCOc1ccc(NC(=O)C)cc1
Dichloromethane,1.1802870215650227,-1.156,ClCCl
1-Octadecanol,-2.531829984634623,-5.649,CCCCCCCCCCCCCCCCCCO
1-Napthol,0.4206646226129716,-3.08,Oc1cccc2ccccc12
benodanil,-0.5300577509182115,-4.245,c1c(NC(=O)c2ccccc2(I))cccc1
Methyl benzoate ,0.597432099098669,-2.4619999999999997,COC(=O)c1ccccc1
4-hexylresorcinol,0.24389714612727437,-3.4930000000000003,c1(O)cc(O)ccc1CCCCCC
Cyclooctyl-5-spirobarbituric acid,0.056619171039724754,-2.2840000000000003,O=C2NC(=O)C1(CCCCCCC1)C(=O)N2
Isobutylbenzene,-0.48706025663790686,-3.57,CC(C)Cc1ccccc1
1-Bromooctane,-0.9361451968988675,-3.721,CCCCCCCCBr
3-Hexanone,1.0847370342754565,-1.266,CCCC(=O)CC
Isopropyl formate,1.1802870215650227,-0.684,CC(C)OC=O
"3,4-Dimethylpyridine",1.653259458648375,-2.0669999999999997,Cc1ccncc1C
Digitoxin,-1.047460932091212,-6.114,CC1OC(CC(O)C1O)OC2C(O)CC(OC2C)OC8C(O)CC(OC7CCC3(C)C(CCC4C3CCC5(C)C(CCC45O)C6=CC(=O)OC6)C7)OC8C 
2-Methylpentane,-0.3055152807877312,-2.6,CCCC(C)C
Butylbenzene,-0.45839526045103673,-3.585,CCCCc1ccccc1
"2,3',4,4'-PCB",-2.2451800227659238,-6.709,Clc1ccc(c(Cl)c1)c2ccc(Cl)c(Cl)c2Cl 
sulfaguanidine,0.5305471079959728,-0.706,NC(=N)NS(=O)(=O)c1ccc(N)cc1 
Fenarimol,-0.6112752401143428,-4.1080000000000005,OC(c1ccc(Cl)cc1)(c2cncnc2)c3ccccc3Cl
Oxamyl,1.531910974790626,-0.9079999999999999,CNC(=O)ON=C(SC)C(=O)N(C)C
"2,2',3,3',5,5',6,6'-PCB",-2.8901424369704958,-8.304,Clc1cc(Cl)c(Cl)c(c1Cl)c2c(Cl)c(Cl)cc(Cl)c2Cl 
halothane,0.6643170902013654,-2.608,FC(F)(F)C(Cl)Br 
Cyclopentane ,0.2200096493048827,-2.0380000000000003,C1CCCC1
2-Nonanone,0.24867464549175258,-2.263,CCCCCCCC(=O)C
Thiourea,1.634149461190462,0.32899999999999996,NC(=S)N
3-Methyl-2-butanol,1.3952744929665464,-0.9540000000000001,CC(C)C(C)O
Monolinuron,0.253452144856231,-2.948,CON(C)C(=O)Nc1ccc(Cl)cc1
"1,2,3,5-Tetrachlorobenzene",-0.7307127242263004,-4.621,Clc1cc(Cl)c(Cl)c(Cl)c1
Cyclooctane,-0.5013927547313419,-3.355,C1CCCCCCC1
Isoproturon,-0.20805429375237364,-2.867,CC(C)c1ccc(NC(=O)N(C)C)cc1
2-Butoxyethanol,1.2806145082190672,-0.775,CCCCOCCO
linalool,0.5305471079959728,-2.399,CC(C)=CCCC(O)(C)C=C
adrenosterone,-0.18130029731129507,-2.99,CC34CC(=O)C1C(CCC2=CC(=O)CCC12C)C3CCC4(=O) 
1-Heptene,-0.3007377814232528,-2.718,CCCCCC=C
Ancymidol,0.24103064650858727,-2.181,COc1ccc(cc1)C(O)(C2CC2)c3cncnc3 
Pyrazon,0.10630516443029898,-2.603,Nc2cnn(c1ccccc1)c(=O)c2Cl
Naled,0.3919996264261019,-3.548,COP(=O)(OC)OC(Br)C(Cl)(Cl)Br
Terbufos,-0.7904314662822793,-4.367,CCOP(=S)(OCC)SCSC(C)(C)C
Dihexyl phthalate,-1.4540261280083164,-5.757999999999999,CCCCCCOC(=O)c1ccccc1C(=O)OCCCCCC
diphenamid,0.05757467091262031,-3.147,CN(C)C(=O)C(c1ccccc1)c2ccccc2 
2-Methylpentanol,0.9509670520700638,-1.381,CCCC(C)CO
Bromophos,-1.4282276314401334,-5.604,COP(=S)(OC)Oc1cc(Cl)c(Br)cc1Cl
2-Ethylbutanal,0.7550895781264533,-1.5230000000000001,CCC(CC)C=O
thiofanox,0.7073145844816701,-2.7,CNC(=O)ON=C(CSC)C(C)(C)C 
"P,P'-DDE",-1.8152050799628765,-6.553,ClC(Cl)=C(c1ccc(Cl)cc1)c2ccc(Cl)cc2
"2,3',4,4',5-PCB",-2.0493025488223133,-7.343,Clc1ccc(c(Cl)c1)c2cc(Cl)c(Cl)c(Cl)c2Cl 
Primidone,0.2200096493048827,-1.8969999999999998,CCC1(C(=O)NCNC1=O)c2ccccc2
Ethyl acetate,1.4621594840692427,-0.77,CCOC(=O)C
2-Methyl-1-Pentene,0.03368717409022885,-2.3480000000000003,CCCC(=C)C
Sorbitol,2.0020169122552915,0.647,OCC(O)C(O)C(O)C(O)CO
Ethyl hexanoate,0.35855713087475366,-2.254,CCCCCC(=O)OCC
Coumaphos,-1.0899806764350695,-5.04,CCOP(=S)(OCC)Oc2ccc1oc(=O)c(Cl)c(C)c1c2
p-terphenyl,-1.915532566616921,-5.7410000000000005,c1ccc(cc1)c2ccc(cc2)c3ccccc3
"2,4-Dimethylphenol",0.9127470571542374,-2.6210000000000004,Cc1ccc(O)c(C)c1
thymine,0.7617780772367229,-0.78,Cc1c[nH]c(=O)[nH]c1=O 
Dialifor,-1.547665115552091,-5.026,CCOP(=S)(OCC)SC(CCl)N1C(=O)c2ccccc2C1=O
"2,2',6,6'-PCB",-2.0493025488223133,-5.915,Clc1cccc(Cl)c1c2c(Cl)cccc2Cl 
Terbumeton,-0.06616256262736782,-3.505,CCNc1nc(NC(C)(C)C)nc(OC)n1
chlordimeform,0.11490466328636005,-3.1639999999999997,CN(C)C=Nc1ccc(Cl)cc1C
Cyhalothrin,-2.4248139988703086,-6.905,CC1(C)C(C=C(Cl)C(F)(F)F)C1C(=O)OC(C#N)c2cccc(Oc3ccccc3)c2
Valeraldehyde,1.0751820355464998,-1.103,CCCCC=O
"1,2,3,4-Tetrachlorobenzene",-0.7020477280394308,-4.546,Clc1ccc(Cl)c(Cl)c1Cl
Carbofuran,0.14356965947322992,-3.05,CNC(=O)Oc1cccc2CC(C)(C)Oc12
"2,3',5-PCB",-1.3900076365243068,-5.7620000000000005,Clc1cccc(c1)c2cc(Cl)ccc2Cl 
o-Methoxyphenol,0.5448796060894077,-1.9409999999999998,COc1ccccc1O
Methyl pentanoate,0.8315295679581061,-1.545,CCCC(=O)OCC
Acenapthene,-0.7307127242263004,-3.792,C1Cc2cccc3cccc1c23
Sulfanilamide,0.8410845666870628,-0.9540000000000001,Nc1ccc(cc1)S(N)(=O)=O
Fenthion,-0.7020477280394308,-4.265,COP(=S)(OC)Oc1ccc(SC)c(C)c1
2-methoxypteridine,0.9509670520700638,-1.589,COc2ncc1nccnc1n2
"5,5-Dimethylbarbituric acid",0.6490290922350348,-0.556,O=C1NC(=O)NC(=O)C1(C)C
Epitostanol,-1.1033576746556086,-4.545,CC45CCC2C(CCC3CC1SC1CC23C)C4CCC5O
Butamben,0.008844177394941631,-3.0389999999999997,CCCCOC(=O)c1ccc(N)cc1
Chlorbromuron,-0.39342126909413194,-3.938,CON(C)C(=O)Nc1ccc(Br)c(Cl)c1
indoline,0.984409547621412,-2.195,c2ccc1NCCc1c2 
Heptachlor,-1.5366768670137911,-5.26,ClC1C=CC2C1C3(Cl)C(=C(Cl)C2(Cl)C3(Cl)Cl)Cl
Prometon,0.2974051390094313,-3.448,COc1nc(NC(C)C)nc(NC(C)C)n1
Cyclopentene ,0.47799461498671136,-1.72,C1CC=CC1
Hexadecane,-2.531829984634623,-6.159,CCCCCCCCCCCCCCCC
Mefenacet,-0.8468059587831235,-4.504,CN(C(=O)COc1nc2ccccc2s1)c3ccccc3
DDE,-1.8152050799628765,-6.553,ClC(Cl)=C(c1ccc(Cl)cc1)c2ccc(Cl)cc2
Cycloheptyl-5-spirobarbituric acid,-0.03224231713957196,-1.844,O=C2NC(=O)C1(CCCCCC1)C(=O)N2 
Indole,0.7550895781264533,-2.654,c2ccc1[nH]ccc1c2
Thiram,-0.381955270619384,-2.444,CN(C)C(=S)SSC(=S)N(C)C 
Hexestrol,-0.6351627369367342,-4.854,CCC(C(CC)c1ccc(O)cc1)c2ccc(O)cc2
diethylstilbestrol,-0.46317275981551537,-5.074,CCC(=C(CC)c1ccc(O)cc1)c2ccc(O)cc2 
Furfural,1.433494487882373,-1.391,O=Cc1ccco1
Tetrahydropyran ,1.4669369834337211,-0.978,C1CCOCC1
biquinoline,-1.0985801752911304,-4.9030000000000005,c2ccc1nc(ccc1c2)c4ccc3ccccc3n4 
Mecarbam,0.278295141551518,-3.738,CCOC(=O)N(C)C(=O)CSP(=S)(OCC)OCC
o-Nitrotoluene,0.36811212960371026,-2.589,Cc1ccccc1N(=O)=O
Monuron,0.10057216519292501,-2.6710000000000003,CN(C)C(=O)Nc1ccc(Cl)cc1
"2,3-Dimethylpentane",-0.5635002464695599,-2.938,CCC(C)C(C)C
2-Methyl-2-heptanol,0.6595395908368871,-2.017,CCCCCC(C)(C)O
Cyclohexane,0.00024467853888056367,-2.477,C1CCCCC1
Pentachloroethane,0.23911964676279596,-3.3819999999999997,ClC(Cl)C(Cl)(Cl)Cl
2-Ethylhexanal,0.4636621168932765,-2.2319999999999998,CCCCC(CC)C=O
p-Methylaniline ,0.9031920584252808,-1.954,Cc1ccc(N)cc1
1-Ethylnaphthalene ,-0.5109477534602983,-4.1,CCc1cccc2ccccc12
"2,3,4,5-Tetrachlorophenol",-0.02364281828351089,-4.335,Oc1cc(Cl)c(Cl)c(Cl)c1Cl
3-Pentanone,1.3474994993217633,-0.912,CCC(=O)CC
4-Isopropyltoluene,-0.319847778881166,-3.617,CC(C)c1ccc(C)cc1
RTI 22,-0.8458504589102279,-4.408,CCN2c1cc(N(C)C)cc(C)c1NC(=O)c3cccnc23 
ethiofencarb,0.4827721143511898,-2.855,CCSCc1ccccc1OC(=O)NC 
Isoquinoline,0.7885320736778014,-2.531,c1ccc2cnccc2c1
"1,4-Cyclohexadiene",0.4971046124446246,-1.8419999999999999,C1C=CCC=C1
Coumachlor,-1.3083123973917277,-4.553999999999999,CC(=O)CC(c1ccc(Cl)cc1)c2c(O)c3ccccc3oc2=O
"2,2,4-Trimethylpentane",-0.783265217235562,-3.2760000000000002,CC(C)CC(C)(C)C
Fluridone,-0.6423289859834519,-4.249,Cn2cc(c1ccccc1)c(=O)c(c2)c3cccc(c3)C(F)(F)F
Cyclopropyl-5-spirobarbituric acid,0.5802331013865473,-0.08800000000000001,O=C2NC(=O)C1(CC1)C(=O)N2 
Glafenine,-0.7025254779758787,-5.052,OCC(O)COC(=O)c1ccccc1Nc2ccnc3cc(Cl)ccc23
4-Ethyltoluene,-0.004532820825597642,-3.3280000000000003,CCc1ccc(C)cc1
Bendroflumethiazide,-0.23385279032055642,-3.741,NS(=O)(=O)c3cc2c(NC(Cc1ccccc1)NS2(=O)=O)cc3C(F)(F)F
Diuron,-0.33418027697460084,-3.301,CN(C)C(=O)Nc1ccc(Cl)c(Cl)c1
Chlorthalidone,-0.16744554915430804,-2.5639999999999996,NS(=O)(=O)c1cc(ccc1Cl)C2(O)NC(=O)c3ccccc23
thiouracil,0.3953438759812366,-0.992,Sc1nccc(=O)[nH]1 
Chloroxuron,-0.8549277077027363,-4.477,CN(C)C(=O)Nc2ccc(Oc1ccc(Cl)cc1)cc2
Formetanate,0.36333463023923207,-1.8459999999999999,CNC(=O)Oc1cccc(N=CN(C)C)c1
Propyl formate,1.2471720126677188,-0.757,CCCOC=O
Phorate,-0.4822827572734286,-3.747,CCOP(=S)(OCC)SCSCC
"1,1,1-Trichloroethane",0.5257696086314945,-2.2319999999999998,CC(Cl)(Cl)Cl
Acetamide,2.236114381114729,0.494,CC(=O)N
probarbital,0.42544212197745,-1.6030000000000002,CCC1(C(C)C)C(=O)NC(=O)NC1=O 
Carbazole,-1.0364726835529119,-3.8360000000000003,c1ccc2c(c1)[nH]c3ccccc32
Fluorene ,-0.9074802007119979,-4.125,C1c2ccccc2c3ccccc13
Pentyl propanoate,0.40633212451953676,-1.899,CCCCC(=O)OCC
"2,4-Dichlorophenol ",0.7407570800330183,-3.22,Oc1ccc(Cl)cc1Cl
bromopropylate,-0.8740377051606496,-5.832999999999999,CC(C)OC(=O)C(O)(c1ccc(Br)cc1)c2ccc(Br)cc2 
"2,2',3,4,6-PCB",-2.0684125462802267,-6.627000000000001,Clc1ccc(c(Cl)c1)c2c(Cl)ccc(Cl)c2Cl 
phenanthridine,0.15312465820218654,-3.713,c1ccc2c(c1)cnc3ccccc23 
1-Iodonapthalene,-0.6924927293104739,-4.888999999999999,Ic1cccc2ccccc12
t-Pentylbenzene,-0.5013927547313419,-3.867,CC(C)(C)Cc1ccccc1
"2,4-PCB",-1.0269176848239556,-5.142,Clc1ccc(cc1)c2ccccc2Cl 
Difenoxuron,-0.5061702540958201,-3.928,COc2ccc(Oc1ccc(NC(=O)N(C)C)cc1)cc2
"O,P'-DDD",-1.6288826047482223,-6.007999999999999,ClC(Cl)C(c1ccc(Cl)cc1)c2ccccc2Cl 
2-Octanol,0.4827721143511898,-2.033,CCCCCCC(C)O
1-Chloro-2-methylpropane,0.5257696086314945,-1.9240000000000002,ClCC(C)C
"2,2',4,5'-PCB",-1.6575476009350922,-6.23,Clc1ccc(c(Cl)c1)c2cc(Cl)ccc2Cl 
3-Octanoyloxymethylphenytoin,-1.635093353922044,-4.84,O=C1N(COC(=O)CCCCCCC)C(=O)C(N1)(c2ccccc2)c3ccccc3
Dimecron,1.7311326982893716,-2.426,CCN(CC)C(=O)C(=CCOP(=O)(OC)OC)Cl
5-(3-Methyl-2-butenyl)-5-isoPrbarbital,0.24246389631793083,-2.465,O=C1NC(=O)NC(=O)C1(C(C)C)CC=C(C)C
oryzalin,-0.9839201905436509,-3.784,CCCN(CCC)c1c(cc(cc1N(=O)=O)S(N)(=O)=O)N(=O)=O
Chloropicrin,0.5257696086314945,-1.8659999999999999,ClC(Cl)(Cl)N(=O)=O
Diiodomethane,0.36333463023923207,-2.958,ICI
methylthiouracil,0.31747063634024025,-0.547,Cc1cc(=O)[nH]c(=S)[nH]1
Chlorodibromethane,0.5735446022762776,-2.54,ClC(Br)Br
5-Ethyl-5-phenylbarbital,0.37193412909529294,-2.272,O=C1NC(=O)NC(=O)C1(CC)c1ccccc1
"N,N-Dimethylacetamide",2.0115719109842485,0.12300000000000001,CN(C)C(=O)C
"2,3-Dimethylpyridine",1.6628144573773316,-2.0669999999999997,Cc1cccnc1C
"1,2-Propylene oxide",1.199397019022936,-0.358,CC1CO1
Clomazone,0.36429013011212763,-3.077,CC1(C)CON(Cc2ccccc2Cl)C1=O
2-Bromotoluene,0.4158871232484934,-3.667,Cc1ccccc1Br
Fluoromethalone,-0.47702750797250243,-3.5069999999999997,CC1CC2C3CCC(O)(C(=O)C)C3(C)CC(O)C2(F)C4(C)C=CC(=O)C=C14
"2,4,6-Trichlorophenol",0.36333463023923207,-3.648,Oc1c(Cl)cc(Cl)cc1Cl
Estradiol,-0.9218126988054329,-4.138,CC12CCC3C(CCc4cc(O)ccc34)C2CCC1O
"2,4-Dimethyl-2-pentanol ",1.0417395399951517,-1.6469999999999998,CC(C)CC(C)(C)O
Coronene,-2.9770929254040013,-6.885,c1cc2ccc3ccc4ccc5ccc6ccc1c7c2c3c4c5c67
methyl gallate,0.8888595603318459,-1.913,COC(=O)c1cc(O)c(O)c(O)c1 
Eicosane,-2.4229029991245175,-7.5760000000000005,CCCCCCCCCCCCCCCCCCCC
Chlorimuron-ethyl (ph 7),-0.7049142276581178,-3.719,CCOC(=O)c1ccccc1S(=O)(=O)NN(C=O)c2nc(Cl)cc(OC)n2
1-Chloronapthalene,-0.396287768712819,-4.063,Clc1cccc2ccccc12
Nitramine,-0.21999804216356958,-4.479,CCN(CC)c1c(cc(c(N)c1N(=O)=O)C(F)(F)F)N(=O)=O
2-Methylbutane,-0.037975316376945935,-2.245,CCC(C)C
2-Ethyltoluene,-0.05230781447038076,-3.2960000000000003,CCc1ccccc1C
"trans-1,4-Dimethylcyclohexane",-0.6542727343946474,-3.305,C/C1CCC(\C)CC1
"2,2,4,6,6'-PCB",-2.0158600532709654,-6.545,Clc1cc(Cl)c(c(Cl)c1)c2c(Cl)cccc2Cl
Ethyl butyrate,0.8697495628739326,-2.254,CCCCCOC(=O)CC
Metolazone,-0.32462527824564424,-3.7769999999999997,CC2Nc1cc(Cl)c(cc1C(=O)N2c3ccccc3C)S(N)(=O)=O 
"2,6-Dimethylpyridine",1.69625695292868,-2.0980000000000003,Cc1cccc(C)n1
"1,3-Dinitrobenzene",0.3872221270616235,-2.281,O=N(=O)c1cccc(c1)N(=O)=O
1-Pentadecanol,-1.5524426149165693,-4.586,CCCCCCCCCCCCCCCO
Isofenphos,-0.5224137519350462,-4.538,CCOP(=S)(NC(C)C)Oc1ccccc1C(=O)OC(C)C
Diallate,-0.5663667460882469,-3.827,CC(C)N(C(C)C)C(=O)SCC(=CCl)Cl
Fenoxycarb,-0.7641552197776488,-4.662,CCOC(=O)NCCOc2ccc(Oc1ccccc1)cc2
o-Aminophenol,1.1372895272847179,-1.465,Nc1ccccc1O
Thiophenol ,0.4684396162577547,-2.758,Sc1ccccc1
chloralose,0.6022095984631474,-1.8869999999999998,OCC(O)C2OC1OC(OC1C2O)C(Cl)(Cl)Cl 
Butyraldehyde,1.4764919821626779,-0.7490000000000001,CCCC=O
"1,2-Dichlorotetrafluoroethane",0.17223465566009957,-2.697,FC(F)(Cl)C(F)(F)Cl
difluron,-1.394785135888785,-4.692,Fc1cccc(F)c1C(=O)NC(=O)Nc2ccc(Cl)cc2
Epiandrosterone,-0.5061702540958201,-3.8819999999999997,CC34CCC1C(CCC2CC(O)CCC12C)C3CCC4=O
Etofenprox,-2.6273799719241886,-6.896,CCOc1ccc(cc1)C(C)(C)COCc3cccc(Oc2ccccc2)c3
norbormide,-0.3967655186492668,-4.238,OC(C1=CC2C5C(C1C2=C(c3ccccc3)c4ccccn4)C(=O)NC5=O)(c6ccccc6)c7ccccn7 
Acridine,-0.2720727852363829,-3.846,c3ccc2nc1ccccc1cc2c3
Trichloroethylene,0.5448796060894077,-2.312,ClC=C(Cl)Cl
Phthalonitrile,0.3442246327813188,-1.7169999999999999,N#Cc1ccccc1C#N
aminopyrine,1.3073685046601458,-2.129,CN(C)c2c(C)n(C)n(c1ccccc1)c2=O 
Butabarbital,0.3394471334168404,-1.9580000000000002,O=C1NC(=O)NC(=O)C1(CC)C(C)CC
"3,4-Dichlorophenol",0.8840820609673675,-3.352,Oc1ccc(Cl)c(Cl)c1
Fenitrothion,-0.44884026172208036,-3.845,COP(=S)(OC)Oc1ccc(N(=O)=O)c(C)c1
Niridazole,-0.05708531383485918,-1.9480000000000002,O=C1NCCN1c2ncc(s2)N(=O)=O
Bromobenzene,0.2630071435851876,-3.345,Brc1ccccc1
Anisole,0.597432099098669,-2.3680000000000003,COc1ccccc1
"2,4-Dimethylpentane",-0.5539452477406029,-2.938,CC(C)CC(C)C
"1,2-Benzenediol",1.7774744421248112,-1.635,Oc1ccccc1O
Equilenin,-1.0221401854594774,-3.927,CC34CCc1c(ccc2cc(O)ccc12)C3CCC4=O
vamidothion,2.0278154088234746,-1.446,CNC(=O)C(C)SCCSP(=O)(OC)(OC)
diisooctyl phthalate,-1.6895568466770972,-7.117000000000001,c1(C(=O)OCCCCCC(C)(C))c(C(=O)OCCCCCC(C)(C))cccc1
1-Bromonapthalene,-0.5969427420209077,-4.434,Brc1cccc2ccccc12
3-Chloroanisole,0.15312465820218654,-3.057,COc1cccc(Cl)c1
Terbacil,0.2945386393907444,-3.033,Cc1[nH]c(=O)n(c(=O)c1Cl)C(C)(C)C
3-Heptanol ,0.7789770749488448,-1.6780000000000002,CCCCC(O)CC
Riboflavin,-0.27923903428310043,-1.865,Cc3cc2nc1c(=O)[nH]c(=O)nc1n(CC(O)C(O)C(O)CO)c2cc3C
Acrylonitrile,1.5529319719943306,-0.354,C=CC#N
Mebendazole,-0.37240027189042735,-4.118,COC(=O)Nc2nc1ccc(cc1[nH]2)C(=O)c3ccccc3
Hydrocortisone ,0.005022177903358981,-3.159,CC12CC(O)C3C(CCC4=CC(=O)CCC34C)C2CCC1(O)C(=O)CO
Flumetralin,-1.7578750875891367,-6.584,CCN(Cc1c(F)cccc1Cl)c2c(cc(cc2N(=O)=O)C(F)(F)F)N(=O)=O
Cyfluthrin,-2.023981802190579,-6.84,CC1(C)C(C=C(Cl)Cl)C1C(=O)OC(C#N)c2ccc(F)c(Oc3ccccc3)c2
Simetryn,0.2028106515927608,-2.6889999999999996,CSc1nc(nc(n1)N(C)C)N(C)C
Methane,1.0512945387241084,-0.636,C
butachlor,-0.5205027521892551,-4.3469999999999995,CCCCOCN(C(=O)CCl)c1c(CC)cccc1CC 
Aniline ,1.2853920075835454,-1.632,Nc1ccccc1
Methoxychlor,-1.8104275805983978,-5.537999999999999,COc1ccc(cc1)C(c2ccc(OC)cc2)C(Cl)(Cl)Cl
Phenetole,0.36811212960371026,-2.66,CCOc1ccccc1
allicin,1.0847370342754565,-2.045,C=CCS(=O)SCC=C
Benomyl,-0.8515834581476017,-2.9019999999999997,CCCCNC(=O)n1c(NC(=O)OC)nc2ccccc12
1-Chloropentane,0.177012155024578,-2.294,CCCCCCl
Talbutal,0.5181256096483292,-2.06,CCC(C)C1(CC=C)C(=O)NC(=O)NC1=O
chloropropylate,-0.6829377305815175,-5.093,c1ccc(Cl)cc1C(c2ccc(Cl)cc2)(O)C(=O)OC(C)C
Guaiacol,0.5448796060894077,-1.9409999999999998,COc1ccccc1O 
Diphenylmethane,-0.4679502591799936,-4.09,C(c1ccccc1)c2ccccc2
1-Tetradecanol,-1.3087901473281756,-4.231,CCCCCCCCCCCCCCO
benzhydrol,0.2630071435851876,-3.033,c1ccccc1C(O)c2ccccc2
dimethirimol,0.41110962388401495,-3.57,CCCCc1c(C)nc(nc1O)N(C)C 
Dimethyl sulfide,1.266282010125632,-0.758,CSC
1-Iodoheptane,-0.8167077127869098,-3.904,CCCCCCCI
thiamylal,-0.17174529858233845,-3.063,CCCC(C)C1(CC=C)C(=O)NC(=S)NC1=O 
Chloropham,-0.13352530366651197,-3.5439999999999996,CC(C)OC(=O)Nc1cccc(Cl)c1
Methyl butyl ether ,1.0082970444438035,-1.072,CCCCOC
m-Chloroaniline,0.8267520685936278,-2.392,Nc1cccc(Cl)c1
Maltose,1.6523039587754795,1.071,OCC1OC(OC2C(O)C(O)C(O)OC2CO)C(O)C(O)C1O
"1,2,3-Trimethylbenzene ",-0.047530315105902554,-3.312,Cc1cccc(C)c1C
Anthracene,-1.5524426149165693,-4.518,c1ccc2cc3ccccc3cc2c1
Napthalene,-0.23863028968503483,-3.468,c1ccc2ccccc2c1
p-t-Butylphenol,0.32989213468788375,-3.1919999999999997,CC(C)(C)c1ccc(O)cc1
"1,4-Benzenediol",1.4000519923310248,-1.59,Oc1ccc(O)cc1
"2,4,5-Trichlorophenol ",0.42544212197745,-3.78,Oc1cc(Cl)c(Cl)cc1Cl
Benzene ,0.6977595857527136,-2.418,c1ccccc1
dibutylphthalate,-0.6208302388432996,-4.378,CCCCOC(=O)c1ccccc1C(=O)OCCCC 
phthalimide,0.23434214739831774,-1.882,O=C1NC(=O)c2ccccc12 
Metronidazole,0.8984145590608025,-0.8590000000000001,Cc1ncc(N(=O)=O)n1CCO
Benzo[ghi]perylene,-2.8270794453593813,-6.446000000000001,c1cc2ccc3ccc4ccc5cccc6c(c1)c2c3c4c56
Cyclopentyl-5-spirobarbituric acid,0.35903488081120144,-0.966,O=C2NC(=O)C1(CCCC1)C(=O)N2
t-Butylbenzene ,-0.2672952858719047,-3.554,CC(C)(C)c1ccccc1
trichlormethiazide,0.20089965184696945,-2.98,NS(=O)(=O)c2cc1c(NC(NS1(=O)=O)C(Cl)Cl)cc2Cl 
RTI 19,-0.7875649666635922,-4.007,CCN2c1ccccc1N(C)C(=O)c3ccccc23 
m-Chlorobromobenzene,-0.05230781447038076,-3.928,Clc1cccc(Br)c1
2-pyrrolidone,1.992461913526335,0.243,O=C1CCCN1
5-Allyl-5-phenylbarbital,0.3494798820822448,-2.36,O=C1NC(=O)NC(=O)C1(CC=C)c1ccccc1
"1,2,4-tribromobenzene",-0.6686052324880825,-5.144,c1(Br)c(Br)cc(Br)cc1
Methaqualone,0.08385091741725108,-3.8810000000000002,Cc1ccccc1n3c(C)nc2ccccc2c3=O
4-Pentene-1-ol,1.4096069910599816,-0.7909999999999999,OCCCC=C
piroxicam,-0.5061702540958201,-3.4730000000000003,CN2C(=C(O)c1ccccc1S2(=O)=O)C(=O)Nc3ccccn3 
RTI 5,-0.10677130722543342,-3.471,CCN2c1ccccc1N(C)C(=O)c3cccnc23 
2-Isopropyltoluene,-0.3150702795166876,-3.585,CC(C)c1ccccc1C
"2,4-Dinitrotoluene",0.1340146607442733,-2.6039999999999996,Cc1ccc(cc1N(=O)=O)N(=O)=O
1-Nitronapthalene,-0.20996529349816495,-3.4139999999999997,O=N(=O)c1cccc2ccccc12
cortisone acetate,-0.5300577509182115,-3.426,CC(=O)OCC(=O)C3(O)CCC4C2CCC1=CC(=O)CCC1(C)C2C(=O)CC34C 
"1,2-Dichloroethane",0.9748545488924554,-1.374,ClCCCl
Abate,-1.4984568720979645,-6.678,COP(=S)(OC)Oc1ccc(Sc2ccc(OP(=S)(OC)OC)cc2)cc1
Morin,0.008366427458493642,-2.7310000000000003,Oc1ccc(c(O)c1)c3oc2cc(O)cc(O)c2c(=O)c3O 
Stanolone,-0.7846984670449055,-3.8819999999999997,CC34CCC1C(CCC2CC(=O)CCC12C)C3CCC4O 
Diosgenin,-2.0158600532709654,-5.681,C1C(O)CCC2(C)CC3CCC4(C)C5(C)CC6OCC(C)CC6OC5CC4C3C=C21
O-Ethyl carbamate,1.8873569275078121,-0.218,CCOC(=O)N
5-hydroxyquinoline,0.2677846429496658,-2.725,Oc1cccc2ncccc12 
benzothiazole,0.7646445768554099,-2.733,c2ccc1scnc1c2 
hydroxychlordene,-1.127245171478,-4.156000000000001,OC1C=CC2C1C3(Cl)C(=C(Cl)C2(Cl)C3(Cl)Cl)Cl 
2-Hexanol,1.0560720380885866,-1.324,CCCCC(C)O
2-Chloropropane,0.8076420711357146,-1.585,CC(C)Cl
Methazole,0.1340146607442733,-3.6010000000000004,Cn2c(=O)on(c1ccc(Cl)c(Cl)c1)c2=O
1-Methylfluorene,-1.0125851867305204,-4.478,Cc1cccc2c1Cc3ccccc32
o-Nitroaniline,0.5448796060894077,-2.2769999999999997,Nc1ccccc1N(=O)=O
1-Chloro-2-bromoethane,0.8506395654160194,-1.7380000000000002,ClCCBr
RTI 17,-0.7670217193963358,-4.227,CCN2c1ccccc1N(C)C(=S)c3cccnc23 
3-Methyl-1-Butene,0.177012155024578,-1.994,CC(C)C=C
Pyrimidine,2.00679441161977,-0.884,c1cncnc1
Benzylchloride,0.3394471334168404,-2.887,ClCc1ccccc1
Pentyl acetate,0.5783221016407559,-1.8330000000000002,CCCCCOC(=O)C
"2,3,4-Trimethylpentane",-0.8119302134224317,-3.2760000000000002,CC(C)C(C)C(C)C
1-Chloropropane,0.7789770749488448,-1.585,CCCCl
Pentane,-0.037975316376945935,-2.261,CCCCC
Dicofol,-1.2256616583862534,-6.268,OC(c1ccc(Cl)cc1)(c2ccc(Cl)cc2)C(Cl)(Cl)Cl
Bromodichloromethane,0.7455345793974966,-2.176,BrC(Cl)Cl
"2,7-dimethylquinoline",0.5544346048183644,-3.342,c2c(C)cc1nc(C)ccc1c2 
3-Butanoyloxymethylphenytoin,-0.9414004461997941,-3.469,O=C1N(COC(=O)CCC)C(=O)C(N1)(c2ccccc2)c3ccccc3
2-Methylheptane,-0.9457001956278244,-3.3080000000000003,CCCCCC(C)C
Chlorbufam,0.23099789784318286,-3.6289999999999996,CC(OC(=O)Nc1cccc(Cl)c1)C#C
Thymol,0.4206646226129716,-3.1289999999999996,CC(C)c1ccc(C)cc1O
Deoxycorticosterone,-0.16696779921786026,-3.9389999999999996,CC12CCC3C(CCC4=CC(=O)CCC34C)C2CCC1C(=O)CO
"2,2',3,3',4,4'-PCB",-2.3455075094199684,-7.192,Clc1ccc(c(Cl)c1Cl)c2ccc(Cl)c(Cl)c2Cl 
Perylene,-2.7248409589595464,-6.007000000000001,c1cc2cccc3c4cccc5cccc(c(c1)c23)c54
Rotenone,-0.630385237572256,-5.246,COc5cc4OCC3Oc2c1CC(Oc1ccc2C(=O)C3c4cc5OC)C(C)=C 
"cis 1,2-Dichloroethylene",0.860194564144976,-1.561,Cl\C=C/Cl
Erythritol,1.8156944370406376,0.675,OCC(O)C(O)CO
o-Chlorobromobenzene,-0.04275281574142414,-3.84,Clc1ccccc1Br
o-Chloroiodobenzene,-0.20996529349816495,-4.3839999999999995,Clc1ccccc1I
Isopentyl acetate,0.563989603547321,-1.817,CC(C)CCOC(=O)C
"2,2',3,5,5',6-PCB",-2.0636350469157483,-7.261,Clc1ccc(Cl)c(c1)c2c(Cl)c(Cl)cc(Cl)c2Cl 
"2,2',3,3',4,4',5,5'-PCB",-2.894919936334974,-8.468,Clc1cc(c(Cl)c(Cl)c1Cl)c2cc(Cl)c(Cl)c(Cl)c2Cl
Carbanilide,-0.02364281828351089,-3.611,O=C(Nc1ccccc1)Nc2ccccc2
Nonane,-1.327900144786089,-3.678,CCCCCCCCC
1-Bromo-2-methylpropane,0.32033713595892715,-2.2880000000000003,CC(C)CBr
Dimethyl phthalate,0.688204587023757,-2.347,COC(=O)c1ccccc1C(=O)OC
Neburon,-0.7975977153289966,-4.157,CCCCN(C)C(=O)Nc1ccc(Cl)c(Cl)c1
Ethyl heptanoate,0.17223465566009957,-2.608,CCCCCCC(=O)OCC
metharbital,0.4158871232484934,-1.6580000000000001,CCC1(CC)C(=O)NC(=O)N(C)C1=O 
p-Phenylphenol,-0.18130029731129507,-3.701,Oc1ccc(cc1)c2ccccc2
1-Octanol,0.3394471334168404,-2.105,CCCCCCCCO
Estragole,0.08623966709949019,-3.074,c1(OC)ccc(CC=C)cc1
adenine,0.4684396162577547,-1.255,Nc1ncnc2nc[nH]c12 
"3,5-Dichlorophenol",0.8410845666870628,-3.428,Oc1cc(Cl)cc(Cl)c1
Ethyl formate,1.5529319719943306,-0.402,CCOC=O
"1,4-Diethylbenzene ",-0.3102927801522094,-3.633,CCc1ccc(CC)cc1
"7,12-Dimethylbenz(a)anthracene",-1.8725350723366159,-6.297000000000001,Cc1c2ccccc2c(C)c3ccc4ccccc4c13
2-butenal,1.634149461190462,-0.604,CC=CC=O
1-Nonene ,-0.9313676975343893,-3.427,CCCCCCCC=C
"1,1-Dichloroethane",0.8649720635094543,-1.5759999999999998,CC(Cl)Cl
Pteridine,1.4908244802561126,-0.9059999999999999,c2cnc1ncncc1n2
Nitromethane,1.605484465003592,-0.042,CN(=O)=O
Perfluidone,-0.33418027697460084,-4.945,Cc1cc(ccc1NS(=O)(=O)C(F)(F)F)S(=O)(=O)c2ccccc2
"3,4-Dichloronitrobenzene",-0.047530315105902554,-3.448,O=N(=O)c1cc(Cl)c(Cl)cc1
pyracarbolid,0.2582296442207092,-2.83,CC1=C(CCCO1)C(=O)Nc2ccccc2 
bromadiolone,-0.6423289859834519,-7.877000000000001,OC(CC(c1ccccc1)c3c(O)c2ccccc2oc3=O)c4ccc(cc4)c5ccc(Br)cc5 
Xipamide,-0.32940277761012265,-3.642,Cc1cccc(C)c1NC(=O)c2cc(c(Cl)cc2O)S(N)(=O)=O
Parathion,-0.7450452223197355,-3.949,CCOP(=S)(OCC)Oc1ccc(cc1)N(=O)=O
piperonal,0.7025370851171919,-2.033,O=Cc2ccc1OCOc1c2 
3-Propanoyloxymethylphenytoin,-0.8630494566223497,-3.128,O=C1N(COC(=O)CC)C(=O)C(N1)(c2ccccc2)c3ccccc3
5-Methyl-5-ethylbarbituric acid,0.8945925595692198,-0.9109999999999999,O=C1NC(=O)NC(=O)C1(C)CC
kebuzone,-0.08097281065725064,-2.645,CC(=O)CCC1C(=O)N(N(C1=O)c2ccccc2)c3ccccc3
4-Heptanone,0.860194564144976,-1.62,CCCC(=O)CCC
"2,3,4,6-Tetrachlorophenol",0.00024467853888056367,-4.203,Oc1c(Cl)cc(Cl)c(Cl)c1Cl
"2,2',3,4,5-PCB",-1.9633075602617038,-6.709,Clc1cc(Cl)c(cc1Cl)c2cccc(Cl)c2Cl 
Propoxur,0.501882111809103,-2.4090000000000003,CNC(=O)Oc1ccccc1OC(C)C
Dibutyl ether ,0.597432099098669,-2.135,CCCCOCCCC
Flurochloridone,-0.452184511277215,-4.749,FC(F)(F)c1cccc(c1)N2CC(CCl)C(Cl)C2=O
Ethylbenzene,0.15790215756666476,-2.988,CCc1ccccc1
"1,4-Pentadiene ",0.4827721143511898,-1.758,C=CCC=C
hydantoin,1.2901695069480237,0.603,O=C1CNC(=O)N1 
"9,10-Dimethylanthracene",-1.6575476009350922,-5.228,Cc1c2ccccc2c(C)c3ccccc13
thiopental,-0.12397030493755534,-2.96,CCCC(C)C1(CC)C(=O)NC(=S)NC1=O 
"2,3,3',4,4',5-PCB",-2.2547350214948807,-7.425,Clc1ccc(cc1Cl)c2cc(Cl)c(Cl)c(Cl)c2Cl 
Camphor,0.5448796060894077,-2.158,CC1(C)C2CCC1(C)C(=O)C2
ethyl cinnamate,0.04801967218366368,-3.0980000000000003,CCOC(=O)C=Cc1ccccc1
Apazone,-0.2090097936252694,-2.9,CCCC1C(=O)N3N(C1=O)c2cc(C)ccc2N=C3N(C)C 
Methoxsalen,-0.26920628561769583,-3.25,COc2c1occc1cc3ccc(=O)oc23 
4-Methylbiphenyl,-0.7259352248618223,-4.4239999999999995,Cc1ccc(cc1)c2ccccc2
"1,2-Dibromobenzene",-0.1908552960402517,-4.172,Brc1ccccc1Br
fluconazole,0.6213195959210606,-2.418,OC(Cn1cncn1)(Cn2cncn2)c3ccc(F)cc3F 
RTI 23,-0.9805759409885157,-4.228,CCN2c1cc(OC)cc(C)c1NC(=O)c3cccnc23 
Propyl propanoate,0.8410845666870628,-1.545,CCCCC(=O)OC
Quintozene,-1.2992351485992193,-5.098,Clc1c(Cl)c(Cl)c(N(=O)=O)c(Cl)c1Cl
Barbital,0.3346696340523622,-1.265,O=C1NC(=O)NC(=O)C1(CC)CC
cycloheximide,0.9414120533411073,-1.5319999999999998,CC1CC(C)C(=O)C(C1)C(O)CC2CC(=O)NC(=O)C2 
Pyrene,-1.469314125974647,-4.957,c1cc2ccc3cccc4ccc(c1)c2c34
megestrol acetate,-1.0746926784687385,-4.417,CC(=O)OC3(CCC4C2C=C(C)C1=CC(=O)CCC1(C)C2CCC34C)C(C)=O 
"1,3-diethylthiourea",0.7837545743133231,-1.028,CCNC(=S)NCC
"2,4-Dimethyl-3-pentanone",0.860194564144976,-1.7519999999999998,CC(C)C(=O)C(C)C
2-methylpteridine,1.4239394891534163,-1.24,Cc2ncc1nccnc1n2
RTI 16,-0.7326237239720915,-3.411,CCN2c1ncccc1N(C)C(=S)c3cccnc23 
"N,N-Diethylaniline",0.03368717409022885,-3.16,CCN(CC)c1ccccc1
Vinclozolin,-0.8716489554784105,-4.377,CC1(OC(=O)N(C1=O)c2cc(Cl)cc(Cl)c2)C=C
Chlordene,-1.2132401600386093,-5.152,ClC2=C(Cl)C3(Cl)C1C=CCC1C2(Cl)C3(Cl)Cl 
"2,3,5,6-Tetrachlorophenol",-0.12874780430203375,-4.203,Oc1c(Cl)c(Cl)cc(Cl)c1Cl
Ethalfluralin,-1.4444711292793595,-5.063,CCN(CC(C)=C)c1c(cc(cc1N(=O)=O)C(F)(F)F)N(=O)=O
Ethyl propyl ether,1.1659545234715876,-1.072,CCCOCC
3-Methyl-2-pentanol,1.1372895272847179,-1.381,CCC(C)CCO
Dyphylline,1.4000519923310248,-0.847,Cn2c(=O)n(C)c1ncn(CC(O)CO)c1c2=O
Flucythrinate,-1.8037390814881287,-6.877999999999999,CC(C)C(C(=O)OC(C#N)c1cccc(Oc2ccccc2)c1)c3ccc(OC(F)F)cc3
Lenacil,-0.7135137265141783,-3.355,O=c2[nH]c1CCCc1c(=O)n2C3CCCCC3
Diazepam,-0.3122037798980005,-4.05,CN2C(=O)CN=C(c1ccccc1)c3cc(Cl)ccc23
Phenmedipham,-0.8143189631046708,-4.229,COC(=O)Nc1cccc(OC(=O)Nc2cccc(C)c2)c1
Hypoxanthine,0.38435562744293666,-0.6559999999999999,O=c1[nH]cnc2nc[nH]c12 
"1,2,4-Trimethylbenzene",-0.10008280811516389,-3.343,Cc1ccc(C)c(C)c1
"2,2',3,5'-PCB",-1.609772607290309,-6.155,Clc1ccc(Cl)c(c1)c2cccc(Cl)c2Cl 
4-methylpteridine,1.2586380111424669,-1.24,Cc1ncnc2nccnc12
2-Phenoxyethanol,1.1468445260136744,-1.761,OCCOc1ccccc1
Metranidazole,0.8793045616028893,-0.8590000000000001,Cc1ncc(N(=O)=O)n1CCO 
Trichloromethane,0.922302055883194,-1.8119999999999998,ClC(Cl)Cl
2-bromonaphthalene,-0.6208302388432996,-4.434,c1c(Br)ccc2ccccc12 
"2,2',3,3',4,4',5,5',6,6'-PCB",-4.060629781267681,-9.589,Clc1c(Cl)c(Cl)c(c(Cl)c1Cl)c2c(Cl)c(Cl)c(Cl)c(Cl)c2Cl 
Tribromomethane,0.5687671029117993,-2.904,BrC(Br)Br
meconin,0.5740223522127254,-0.825,c1c(OC)c(OC)C2C(=O)OCC2c1
Dinitramine,-1.1320226708424783,-4.479,CCN(CC)c1c(cc(c(N)c1N(=O)=O)C(F)(F)F)N(=O)=O
"2,4'-PCB",-1.0412501829173906,-5.142,Clc1ccc(cc1)c2ccccc2Cl 
3-Pentanol,1.3666094967796765,-0.97,CCC(O)CC
p-Hydroxybenzaldehyde ,1.0226295425372385,-2.003,Oc1ccc(C=O)cc1
p-Bromoacetanilide,0.008366427458493642,-3.012,CC(=O)Nc1ccc(Br)cc1
p-Chloroiodobenzene,-0.4440627623576021,-4.3839999999999995,Clc1ccc(I)cc1
o-Chloronitrobenzene,0.2630071435851876,-2.775,Clc1ccccc1N(=O)=O
Prometryn,-0.47750525790895,-3.693,CSc1nc(NC(C)C)nc(NC(C)C)n1
m-Nitrophenol,0.998742045714847,-2.318,Oc1cccc(c1)N(=O)=O
Clonazepam,-0.19037754610380372,-3.707,Clc1ccccc1C2=NCC(=O)Nc3ccc(cc23)N(=O)=O
aldosterone,-0.3580677737969925,-3.0660000000000003,CC13CCC(=O)C=C1CCC4C2CCC(C(=O)CO)C2(CC(O)C34)C=O 
"1,4-Dichlorobenzene",-0.08097281065725064,-3.5580000000000003,Clc1ccc(Cl)cc1
Carbetamide,0.6069870978276256,-2.29,c1c(NC(=O)OC(C)C(=O)NCC)cccc1
"2,3,6-Trichlorophenol",0.2200096493048827,-3.572,Oc1c(Cl)ccc(Cl)c1Cl
phenobarbital,0.37193412909529294,-2.272,CCC1(C(=O)NC(=O)NC1=O)c2ccccc2 
"2,4,6-Trinitrotoluene",-0.05708531383485918,-2.6060000000000003,Cc1c(cc(cc1N(=O)=O)N(=O)=O)N(=O)=O
"1,2,4-Trichlorobenzene",-0.23385279032055642,-4.083,Clc1ccc(Cl)c(Cl)c1
Chrysene,-2.367961756433017,-5.568,c1ccc2c(c1)ccc3c4ccccc4ccc23
"1,4-Dimethylnaphthalene ",-0.49661525536686324,-4.147,Cc1ccc(C)c2ccccc12
2-Bromonapthalene,-0.6208302388432996,-4.434,Brc1ccc2ccccc2c1
Cycluron,0.4216201224858674,-2.6289999999999996,CN(C)C(=O)NC1CCCCCCC1
citral,0.4971046124446246,-2.5789999999999997,CC(C)=CCCC(C)=CC(=O)
nifuroxime,0.4349971207064066,-1.8430000000000002,ON=Cc1ccc(o1)N(=O)=O 
Nitrobenzene,0.6213195959210606,-2.2880000000000003,O=N(=O)c1ccccc1
Carbromal,0.20089965184696945,-2.198,CCC(Br)(CC)C(=O)NC(N)=O
3-Hexyne,0.5305471079959728,-1.933,CCC#CCC
p-Aminophenol,1.0990695323688915,-1.2309999999999999,Nc1ccc(O)cc1
Propylisopropylether,0.8410845666870628,-1.354,CCCOC(C)C
Metolachlor,0.177012155024578,-3.431,CCc1cccc(C)c1N(C(C)COC)C(=O)CCl 
"2-Methyl-1,3-Butadiene ",0.5114371105380596,-1.714,CC(=C)C=C
"1,2-Diethylbenzene",-0.08575031002172884,-3.6010000000000004,CCc1ccccc1CC
Propetamphos,-0.14690230188705122,-2.826,CCNP(=S)(OC)OC(=CC(=O)OC(C)C)C
thioanisole,0.3394471334168404,-2.87,c1ccccc1SC
Betamethasone-17-valerate,-0.7689327191421269,-5.062,CCCCC(=O)OC3(C(C)CC4C2CCC1=CC(=O)C=CC1(C)C2(F)C(O)CC34C)C(=O)CO
Triallate,-0.8501502083382582,-4.578,CC(C)N(C(C)C)C(=O)SCC(Cl)=C(Cl)Cl
Acetophenone,0.8697495628739326,-2.0780000000000003,CC(=O)c1ccccc1
2-Methyl-2-hexanol,0.9652995501634988,-1.663,CCCCC(C)(C)O
"1,3-Dichloropropane",0.7073145844816701,-1.618,ClCCCCl
Ethyne,1.619816963097027,-0.252,C#C
Isobutyl formate,0.998742045714847,-1.095,CC(C)COC=O
tubercidin,0.549657105453886,-0.892,Nc1ncnc2n(ccc12)C3OC(CO)C(O)C3O 
allantoin,0.7168695832106268,0.652,NC(=O)NC1NC(=O)NC1=O 
Caffeine,1.0627605371988562,-1.4980000000000002,Cn1cnc2n(C)c(=O)n(C)c(=O)c12
Triclosan,-0.6494952350301693,-5.645,Oc1cc(Cl)ccc1Oc2ccc(Cl)cc2Cl
Fludrocortisone,-0.15741280048890363,-3.1719999999999997,CC34CC(O)C1(F)C(CCC2=CC(=O)CCC12C)C3CCC4(O)C(=O)CO 
"1,3,5-Trinitrobenzene",0.10057216519292501,-2.324,O=N(=O)c1cc(cc(c1)N(=O)=O)N(=O)=O
o-Fluorobromobenzene,0.19134465311801283,-3.467,Fc1ccccc1Br
Pebulate,-0.20518779413368654,-3.1310000000000002,CCCCN(CC)C(=O)SCCC
2-Butanone,1.729699448480028,-0.491,CCC(=O)C
simazine,-0.6924927293104739,-2.8110000000000004,CCNc1nc(Cl)nc(NCC)n1 
Styrene,0.1340146607442733,-2.85,C=Cc1ccccc1
Chlorotoluron,-0.17174529858233845,-3.048,CN(C)C(=O)Nc1ccc(C)c(Cl)c1
nifedipine,-0.7928202159645183,-4.248,COC(=O)C1=C(C)NC(=C(C1c2ccccc2N(=O)=O)C(=O)OC)C 
Tricresyl phosphate,-1.3900076365243068,-6.39,Cc1ccc(OP(=O)(Oc2cccc(C)c2)Oc3ccccc3C)cc1
RTI 2,0.11490466328636005,-3.125,CCN2c1ncccc1N(CC)C(=O)c3cccnc23 
Methanol,2.2313368817502504,0.441,CO
Dichlorophen,-0.40727601725111917,-4.9239999999999995,Oc1ccc(Cl)cc1Cc2cc(Cl)ccc2O
"2,3-Dimethyl-1,3-Butadiene",0.3346696340523622,-2.052,CC(=C)C(=C)C
Fenpropathrin,-1.3971738855710245,-6.15,CC1(C)C(C(=O)OC(C#N)c2cccc(Oc3ccccc3)c2)C1(C)C
Testosterone,-0.4392852629931235,-3.659,CC12CCC3C(CCC4=CC(=O)CCC34C)C2CCC1O
"2,3-Dimethylnaphthalene",-0.7737102185066052,-4.1160000000000005,Cc1cc2ccccc2cc1C
Methyl nonanoate,-0.13352530366651197,-2.9619999999999997,CCCCCCCCC(=O)OC
gentisin,0.07525141856119001,-1.2919999999999998,c1c(O)C2C(=O)C3cc(O)ccC3OC2cc1(OC)
RTI 13,-0.528624501108868,-4.45,CCN2c1nc(C)cc(C(F)(F)F)c1NC(=O)c3cccnc23 
"2,3,4-Trichlorophenol",0.20567715121144786,-3.705,Oc1ccc(Cl)c(Cl)c1Cl
Nimetazepam,-0.3322692772288097,-3.557,CN2C(=O)CN=C(c1ccccc1)c3cc(ccc23)N(=O)=O
o-Chloroaniline,0.7550895781264533,-2.392,Nc1ccccc1Cl
Propazine,-0.6351627369367342,-3.3289999999999997,CC(C)Nc1nc(Cl)nc(NC(C)C)n1
1-Pentyne,0.6977595857527136,-1.446,CCCC#C
2-Methyl-1-Butene,0.177012155024578,-1.994,CCC(=C)C
Nitrofen,-1.127245171478,-5.361000000000001,Clc2ccc(Oc1ccc(cc1)N(=O)=O)c(Cl)c2
m-Xylene ,0.1340146607442733,-3.035,Cc1cccc(C)c1
1-Nonyne ,-0.5443902490116466,-2.864,CCCCCCCC#C
Benzo(b)fluoranthene,-2.4506124954384916,-6.007000000000001,c1ccc2c(c1)c3cccc4c3c2cc5ccccc54
Benzo(a)fluorene,-1.7101000939443534,-5.189,C1c2ccccc2c3ccc4ccccc4c13
Phenylmethanol,1.2901695069480237,-1.699,OCc1ccccc1
Diethyl sulfide,0.8410845666870628,-1.598,CCSCC
Propane,0.5544346048183644,-1.5530000000000002,CCC
"Etoposide (148-167,25mg/ml)",-0.22477554152804777,-3.292,COc1cc(cc(OC)c1O)C6C2C(COC2=O)C(OC4OC3COC(C)OC3C(O)C4O)c7cc5OCOc5cc67
"2,2',3,3',5,6-PCB",-2.6273799719241886,-7.185,Clc1cccc(c1Cl)c2c(Cl)c(Cl)cc(Cl)c2Cl 
"1,7-phenantroline",0.20089965184696945,-2.9939999999999998,c1cnc2c(c1)ccc3ncccc23
"2,3,4'-PCB",-1.5094451206362645,-5.686,Clc1ccc(cc1)c2cccc(Cl)c2Cl 
Azintamide,0.6614505905826784,-2.231,CCN(CC)C(=O)CSc1ccc(Cl)nn1
Trimazosin,-0.25678478727005233,-3.958,COc2cc1c(N)nc(nc1c(OC)c2OC)N3CCN(CC3)C(=O)OCC(C)(C)O 
2-Ethyl pyridine,1.7249219491155496,-2.051,CCc1ccccn1
Tetrachloroethylene,0.2677846429496658,-3.063,ClC(=C(Cl)Cl)Cl
Ethyl nonanoate,-0.33418027697460084,-3.3160000000000003,CCCCCCCCC(=O)OCC
RTI 9,-0.2768502846008613,-3.784,O2c1ccccc1N(CC)C(=O)c3ccccc23 
Piperophos,-0.5013927547313419,-4.637,CCCOP(=S)(OCCC)SCC(=O)N1CCCCC1C
"1,2,3,4-Tetrahydronapthalene",-0.6064977407498645,-3.447,C1CCc2ccccc2C1
Quinonamid,-0.9218126988054329,-3.988,ClC(Cl)CC(=O)NC2=C(Cl)C(=O)c1ccccc1C2=O
"1,3-Dichlorobenzene",0.028909674725750435,-3.5580000000000003,Clc1cccc(Cl)c1
brompyrazone,-0.01265456974521072,-3.005,c1ccccc1n2ncc(N)c(Br)c2(=O)
Ethyl benzoate ,0.37288962896818867,-2.775,CCOC(=O)c1ccccc1
2-Pentanol,1.342721999957285,-0.97,CCCC(C)O
3-Pentanoyloxymethylphenytoin,-0.7536447211757963,-3.81,O=C1N(COC(=O)CCCC)C(=O)C(N1)(c2ccccc2)c3ccccc3
phenolphthalein,0.0957946658284468,-4.59,Oc1ccc(cc1)C2(OC(=O)c3ccccc23)c4ccc(O)cc4 
Dibenzofurane,-0.7163802261328653,-4.2010000000000005,o1c2ccccc2c3ccccc13
DNOC,0.7856655740591144,-2.818,Cc1cc(cc(N(=O)=O)c1O)N(=O)=O
osthole,-0.579743744308786,-4.0760000000000005,c1cc2ccc(OC)c(CC=C(C)(C))c2oc1=O 
parabanic acid,1.2901695069480237,1.091,O=C1NC(=O)C(=O)N1 
Oxadiazon,-1.2399941564796884,-5.265,CC(C)Oc1cc(c(Cl)cc1Cl)n2nc(oc2=O)C(C)(C)C
"3,3-Dimethylpentane",-0.5396127496471684,-2.938,CCC(C)(C)CC
dioctyl phthalate,-0.9624214434034986,-7.148,CCCCCCCCOC(=O)c1ccccc1C(=O)OCCCCCCCC 
3-Methylpentane,-0.2768502846008613,-2.6,CCC(C)CC
Benzaldehyde,0.9127470571542374,-1.999,O=Cc1ccccc1
"2',3,4-PCB",-1.5237776187296996,-5.686,Clc1ccc(cc1)c2cccc(Cl)c2Cl 
Trichlorfon,1.3761644955086332,-1.8659999999999999,COP(=O)(OC)C(O)C(Cl)(Cl)Cl
Malathion,-0.12874780430203375,-3.391,CCOC(=O)CC(SP(=S)(OC)OC)C(=O)OCC
Ethanethiol,1.1946195196584575,-0.968,CCS
Triphenylene,-1.7320765910209537,-5.568,c1ccc2c(c1)c3ccccc3c4ccccc24
Terbutryn,-0.4297302642641671,-3.75,CCNc1nc(NC(C)(C)C)nc(SC)n1
cytosine,0.9294683049299115,0.051,Nc1cc[nH]c(=O)n1 
Propylbenzene ,-0.12874780430203375,-3.281,CCCc1ccccc1
Chlordane,-1.7960950825049633,-6.039,ClC1CC2C(C1Cl)C3(Cl)C(=C(Cl)C2(Cl)C3(Cl)Cl)Cl
methyl laurate,-0.7593777204131705,-4.025,CCCCCCCCCCCC(=O)OC
Glyceryl triacetate,1.1946195196584575,-1.285,CC(=O)OCC(COC(=O)C)OC(=O)C
RTI 12,-0.48419375701921974,-3.446,CCN2c1nc(Cl)ccc1N(C)C(=O)c3cccnc23 
"2,3',4',5-PCB",-1.982417557719617,-6.312,Clc1ccc(Cl)c(c1)c2ccc(Cl)c(Cl)c2
"2,3,4,5,6-PCB",-2.3025100151396636,-6.785,Clc2c(Cl)c(Cl)c(c1ccccc1)c(Cl)c2Cl 
p-benzidine,0.19134465311801283,-2.613,Nc1ccc(cc1)c2ccc(N)cc2
6-aminochrysene,-1.480780124449395,-4.849,Nc3cc2c1ccccc1ccc2c4ccccc34 
p-Fluoroacetanilide,0.6308745946500173,-2.181,CC(=O)Nc1ccc(F)cc1
TEFLUBENZURON,-1.9967500558130522,-5.462000000000001,Fc1cccc(F)c1C(=O)NC(=O)Nc2cc(Cl)c(F)c(Cl)c2F 
Ethyl octanoate,-0.13830280303099038,-2.9619999999999997,CCCCCCCC(=O)OCC
Lactose,1.3646984970338853,1.071,OCC1OC(OC2C(O)C(O)C(O)OC2CO)C(O)C(O)C1O
6-Methylchrysene,-1.6575476009350922,-5.931,Cc1cc2c3ccccc3ccc2c4ccccc14
Buthidazole,0.5845328508145777,-2.398,CN1CC(O)N(C1=O)c2nnc(s2)C(C)(C)C
5-(3-Methyl-2-butenyl)-5-ethylbarbital,0.4048988747101932,-2.126,O=C1NC(=O)NC(=O)C1(CC)CC=C(C)C
"2,6-Dinitrotoluene",0.04801967218366368,-2.553,Cc1c(cccc1N(=O)=O)N(=O)=O
"2,2',3,4,5,5'-PCB",-2.1878500303921844,-7.343,Clc1ccc(Cl)c(c1)c2cc(Cl)c(Cl)c(Cl)c2Cl
Siduron,-0.4822827572734286,-3.779,CC1CCCCC1NC(=O)Nc2ccccc2
d-inositol,1.6484819592838968,-0.887,OC1C(O)C(O)C(O)C(O)C1O
"2,3,3',4,4'6-PCB",-2.178295031663228,-7.746,Clc1ccc(c(Cl)c1Cl)c2c(Cl)cc(Cl)c(Cl)c2Cl 
isocarbamid,0.45410711816431987,-1.508,C1N(C(=O)NCC(C)C)C(=O)NC1
Trichlomethiazide,0.20089965184696945,-2.98,NS(=O)(=O)c2cc1c(NC(NS1(=O)=O)C(Cl)Cl)cc2Cl 
Oxycarboxin,0.391521876489654,-2.169,CC1=C(C(=O)Nc2ccccc2)S(=O)(=O)CCO1
2-Chloro-2-methylbutane,0.28211714104310087,-2.278,CCC(C)(C)Cl
Di-n-propylsulfide,0.24867464549175258,-2.307,CCCSCCC
Norethisterone,-0.7020477280394308,-2.6689999999999996,CC34CCC1C(CCC2=CC(=O)CCC12O)C3CCC4(O)C#C
Metoxuron,0.2563186444749181,-2.6830000000000003,COc1ccc(NC(=O)N(C)C)cc1Cl
3-Heptanoyloxymethylphenytoin,-1.5290328680306258,-4.496,O=C1N(COC(=O)CCCCCC)C(=O)C(N1)(c2ccccc2)c3ccccc3
3-Methylbutan-1-ol,1.2376170139387623,-1.0270000000000001,CC(C)CCO
RTI 20,-0.8114524634859837,-3.6630000000000003,C2c1ccccc1N(CCF)C(=O)c3ccccc23 
"Atovaquone(0,430mg/ml) - neutral",-1.3522653915449283,-6.269,OC4=C(C1CCC(CC1)c2ccc(Cl)cc2)C(=O)c3ccccc3C4=O
"2,2',3,4,5,5',6-PCB",-2.789814950316451,-7.898,Clc1ccc(Cl)c(c1)c2c(Cl)c(Cl)c(Cl)c(Cl)c2Cl
"2,6-Dimethylnaphthalene ",-0.8549277077027363,-4.147,Cc1ccc2cc(C)ccc2c1
2-Chlorophenol,0.9748545488924554,-2.553,Oc1ccccc1Cl
Bibenzyl ,-0.7259352248618223,-4.301,C(Cc1ccccc1)c2ccccc2
Metolcarb,0.619886346111717,-1.9469999999999998,c1ccccc1(OC(=O)NC)
2-Methyltetrahydrofurane,1.5338219745364174,-1.034,CC1CCCO1
Benzamide,1.0226295425372385,-1.501,NC(=O)c1ccccc1
Procymidone,-0.8119302134224317,-3.464,CC12CC2(C)C(=O)N(C1=O)c3cc(Cl)cc(Cl)c3
p-Methoxybenzaldehyde,0.7694220762198881,-2.252,COc1ccc(C=O)cc1
Tetrahydrofurane ,1.7153669503865931,-0.62,C1CCOC1
propachlor,0.2964496391365357,-3.0180000000000002,CC(C)N(C(=O)CCl)c1ccccc1 
"1,5-Hexadiene ",0.20089965184696945,-2.112,C=CCCC=C
"2,2',4,4',5,5'-PCB",-2.6082699744662756,-7.343,Clc1cc(Cl)c(cc1Cl)c2cc(Cl)c(Cl)cc2Cl 
Estrone,-0.40823151712401473,-3.872,CC12CCC3C(CCc4cc(O)ccc34)C2CCC1=O
Atrazine,-0.3580677737969925,-3.069,CCNc1nc(Cl)nc(NC(C)C)n1
Propionaldehyde,1.758364444666898,-0.39399999999999996,CCC=O
Triazolam,-0.4727277585444718,-3.948,Cc3nnc4CN=C(c1ccccc1Cl)c2cc(Cl)ccc2n34
Indan,0.028909674725750435,-3.057,C1Cc2ccccc2C1
"N,N-Dimethylaniline",0.563989603547321,-2.542,CN(C)c1ccccc1
Thalidomide,0.2028106515927608,-1.944,O=C1N(C2CCC(=O)NC2=O)C(=O)c3ccccc13
2-hydroxypteridine,0.5510903552632296,-1.4040000000000001,Oc2ncc1nccnc1n2
Ethanol,2.00679441161977,0.02,CCO
"1,1,2,2-Tetrachloroethane",0.6499845921079305,-2.549,ClC(Cl)C(Cl)Cl
Phenytoin,-0.4760720080996065,-3.057,O=C1NC(=O)C(N1)(c2ccccc2)c3ccccc3
testosterone propionate,-1.0842476771976952,-4.87,CCC(=O)OC3CCC4C2CCC1=CC(=O)CCC1(C)C2CCC34C 
1-Heptanol,0.6165420965565823,-1.751,CCCCCCCO
Dulcin,0.44455211943536327,-2.167,CCOc1ccc(NC(N)=O)cc1
RTI 3,0.02747642491640689,-3.049,O2c1cc(C)ccc1N(C)C(=O)c3cc(N)cnc23 
Piperine,-0.17174529858233845,-3.659,O=C(C=CC=Cc2ccc1OCOc1c2)N3CCCCC3
Amitrole,1.7306549483529239,-0.674,Nc1nc[nH]n1
Trietazine,-0.45839526045103673,-3.233,CCNc1nc(Cl)nc(n1)N(CC)CC
Methoproptryne,0.08241766760790753,-3.259,COCCCNc1nc(NC(C)C)nc(SC)n1
Chlorzoxazone,0.1287594114433469,-2.679,Clc2ccc1oc(=O)[nH]c1c2
"3,4-PCB",-1.5715526123744825,-5.223,Clc1ccc(cc1Cl)c2ccccc2 
RTI 10,-0.27302828510927846,-2.7710000000000004,O2c1ccccc1N(C)C(=O)c3cccnc23 
borneol,0.37288962896818867,-2.423,CC1(C)C2CCC1(C)C(O)C2
Chloroethane,0.9748545488924554,-1.165,ClCC
Methyldymron,-0.11919280557307713,-3.863,CN(C(=O)NC(C)(C)c1ccccc1)c2ccccc2
1-Phenylethanol,1.0417395399951517,-1.919,CC(O)c1ccccc1
Fluoranthene,-1.3852301371598286,-4.957,c1ccc2c(c1)c3cccc4cccc2c34
2-Methylanthracene,-1.8438700761497462,-4.87,Cc1ccc2cc3ccccc3cc2c1
Caproaldehyde,0.860194564144976,-1.4569999999999999,CCCCCC=O
Dinoseb,-0.13352530366651197,-3.715,CCC(C)c1cc(cc(N(=O)=O)c1O)N(=O)=O 
Etomidate,-0.7808764675533229,-3.359,CCOC(=O)c1cncn1C(C)c2ccccc2
Aldrin,-1.531899367649313,-5.511,ClC1=C(Cl)C2(Cl)C3C4CC(C=C4)C3C1(Cl)C2(Cl)Cl
Methyl t-butyl ether ,1.3666094967796765,-0.9840000000000001,COC(C)(C)C
Ethyl vinyl ether,1.0751820355464998,-0.857,CCOC=C
RTI 7,-0.20757654381592586,-3.6630000000000003,C2c1ccccc1N(CCF)C(=O)c3ccccc23 
2-Methylbutan-2-ol,1.5529319719943306,-0.9540000000000001,CCC(C)(C)O
Methyl hydrazine,2.121454396367249,0.5429999999999999,CNN
Propionitrile,1.6150394637325487,-0.26899999999999996,CCC#N
Fenfuram,-0.09530530875068546,-2.885,Cc1occc1C(=O)Nc2ccccc2
4-methoxypteridine,0.9509670520700638,-1.589,COc1ncnc2nccnc12 
ethofumesate,-0.15263530112442522,-3.1839999999999997,CCOC2Oc1ccc(OS(C)(=O)=O)cc1C2(C)C
Benfuracarb,-0.7689327191421269,-5.132999999999999,CCOC(=O)CCN(SN(C)C(=O)Oc1cccc2CC(C)(C)Oc21)C(C)C
Tetrabromomethane,-0.018865318919032686,-4.063,BrC(Br)(Br)Br
Glycerol,2.0163494103487265,0.688,OCC(O)CO
Acenapthylene,-0.41062026680625385,-3.682,C1=Cc2cccc3cccc1c23
2-Undecanol,0.07668466837053356,-3.096,CCCCCCCCCC(C)O
Iodomethane,1.0035195450793253,-1.646,CI
p-Nitrophenol,1.1277345285557612,-2.318,Oc1ccc(cc1)N(=O)=O
Endrin,-1.471225125720438,-4.533,ClC4=C(Cl)C5(Cl)C3C1CC(C2OC12)C3C4(Cl)C5(Cl)Cl
Eriodictyol,-0.24818528841399146,-3.1519999999999997,Oc2cc(O)c1C(=O)CC(Oc1c2)c3ccc(O)c(O)c3
Propylene,0.9652995501634988,-1.235,CC=C
3-Hexanoyloxymethylphenyltoin,-1.330766644404776,-4.1530000000000005,O=C1N(COC(=O)CCCCC)C(=O)C(N1)(c2ccccc2)c3ccccc3
allopurinol,0.39868812553637145,-0.84,O=c1[nH]cnc2[nH]ncc12 
aminothiazole,1.309279504405937,-1.226,Nc1nccs1 
2-Methy-2-Butene,0.2582296442207092,-1.994,CC=C(C)C
Triamterene,0.3327586343065709,-3.051,Nc3nc(N)c2nc(c1ccccc1)c(N)nc2n3
Theophylline,0.8171970698646713,-1.452,Cn1c(=O)n(C)c2nc[nH]c2c1=O
captafol,-1.0985801752911304,-4.365,ClC(Cl)C(Cl)(Cl)SN2C(=O)C1CC=CCC1C2=O 
6-methoxypteridine,0.9371123039130768,-1.589,COc2cnc1ncncc1n2
chlorpyrifos,-1.2275726581320445,-4.9719999999999995,CCOP(=S)(OCC)Oc1nc(Cl)c(Cl)cc1Cl 
Ethane,0.8315295679581061,-1.1320000000000001,CC
Urea,1.9399094205170735,0.8320000000000001,NC(=O)N
Triamcinolone,-0.2768502846008613,-2.734,CC34CC(O)C1(F)C(CCC2=CC(=O)C=CC12C)C3CC(O)C4(O)C(=O)CO
mercaptobenzothiazole,-0.037975316376945935,-3.411,Sc2nc1ccccc1s2 
5-fluorouracil,0.9667327999728423,-0.792,Fc1c[nH]c(=O)[nH]c1=O 
DDT,-1.9346425640748341,-6.638,Clc1ccc(cc1)C(c2ccc(Cl)cc2)C(Cl)(Cl)Cl
Disulfoton,-0.5396127496471684,-3.975,CCOP(=S)(OCC)SCCSCC
"1,2-Dinitrobenzene",0.00024467853888056367,-2.281,O=N(=O)c1ccccc1N(=O)=O
Pyridine,1.8443594332275073,-1.4809999999999999,c1ccncc1
Ethirimol,0.03464267396312441,-2.7319999999999998,CCCCc1c(C)nc(NCC)[nH]c1=O
Phenylthiourea,0.6356520940144955,-1.7009999999999998,NC(=S)Nc1ccccc1
Dibromomethane,0.922302055883194,-1.883,BrCBr
Decalin,-0.9982526886370859,-3.715,C1CCC2CCCCC2C1
fensulfothion,0.3824446276971453,-3.283,CCOP(=S)(OCC)Oc1ccc(cc1)S(C)=O 
Dicapthon,-0.5778327445629945,-4.188,COP(=S)(OC)Oc1ccc(cc1Cl)N(=O)=O
Menthone,0.35855713087475366,-2.516,CC(C)C1CCC(C)CC1=O
1-Hexene,-0.06186281319933739,-2.364,CCCCC=C
2-Methylpropan-1-ol,1.5290444751719392,-0.672,CC(C)CO
Flutriafol,-0.12874780430203375,-3.569,OC(Cn1cncn1)(c2ccc(F)cc2)c3ccccc3F
Metribuzin,0.4048988747101932,-2.324,CSc1nnc(c(=O)n1N)C(C)(C)C
"2,3-Dichlorophenol",0.860194564144976,-3.1439999999999997,Oc1cccc(Cl)c1Cl
Coumatetralyl,0.12445966201531668,-5.194,O=c2c(C3CCCc4ccccc43)c(O)c1ccccc1o2 
"1,3-Dibromobenzene",-0.20996529349816495,-4.298,Brc1cccc(Br)c1
Cyclooctanol,0.8649720635094543,-2.14,OC1CCCCCCC1
"2,4,6-Trimethylphenol",0.501882111809103,-2.9410000000000003,Cc1cc(C)c(O)c(C)c1
Ethyl decanoate,-0.47750525790895,-3.6710000000000003,CCCCCCCCCC(=O)OCC
Isobutyl acetate,0.9031920584252808,-1.463,CC(C)COC(=O)C
Spironolactone,-0.5123810032696419,-3.842,CC(=O)SC4CC1=CC(=O)CCC1(C)C5CCC2(C)C(CCC23CCC(=O)O3)C45
Chloramphenicol,0.47273936568578534,-2.613,OCC(NC(=O)C(Cl)Cl)C(O)c1ccc(cc1)N(=O)=O
1-Methylphenanthrene,-1.3135676466926538,-4.87,Cc1cccc2c1ccc3ccccc32
Raffinose,1.2853920075835454,0.496,OCC1OC(CO)(OC2OC(COC3OC(CO)C(O)C(O)C3O)C(O)C(O)C2O)C(O)C1O
dexamethasone acetate,-0.859705207067215,-3.9330000000000003,CC4CC3C2CCC1=CC(=O)C=CC1(C)C2(F)C(O)CC3(C)C4(O)C(=O)COC(C)=O 
Iodoethane,0.7168695832106268,-2.066,CCI
Niclosamide,-0.7641552197776488,-5.032,Oc1ccc(Cl)cc1C(=O)Nc2ccc(cc2Cl)N(=O)=O
Octane,-1.0221401854594774,-3.324,CCCCCCCC
2-Decanone,-0.09530530875068546,-2.617,CCCCCCCCC(=O)C
Anethole,-0.014087819554554267,-3.2539999999999996,COc1ccc(C=CC)cc1
menthol,0.2725621423141442,-2.782,CC(C)C1CCC(C)CC1O 
Nitrapyrin,-0.3150702795166876,-3.833,Clc1cccc(n1)C(Cl)(Cl)Cl
Anthraquinone,-0.9982526886370859,-3.34,O=C1c2ccccc2C(=O)c3ccccc13
karbutilate,0.08146216773501176,-2.655,CN(C)C(=O)Nc1cccc(OC(=O)NC(C)(C)C)c1 
salicylanilide,-0.23385279032055642,-3.782,c1ccccc1NC(=O)c2c(O)cccc2
Rovral,-0.6093642403685516,-4.004,CC(C)NC(=O)N1CC(=O)N(C1=O)c2cc(Cl)cc(Cl)c2
Ethinyl estradiol,-0.5730552451985162,-4.317,CC34CCC1C(CCc2cc(O)ccc12)C3CCC4(O)C#C 
Dioxacarb,0.7312020813040617,-1.614,CNC(=O)Oc1ccccc1C2OCCO2
p-Hydroxyacetanilide,0.9891870469858902,-1.495,CC(=O)Nc1ccc(O)cc1
Hexylbenzene ,-1.0078076873660424,-4.22,CCCCCCc1ccccc1
Fenuron,0.7168695832106268,-1.847,CN(C)C(=O)Nc1ccccc1
1-Napthylamine,0.563989603547321,-2.721,Nc1cccc2ccccc12
Methocarbamol,1.0106857941260428,-1.4280000000000002,COc1ccccc1OCC(O)COC(N)=O
Barban,-0.6064977407498645,-4.16,ClCC#CCOC(=O)Nc1cccc(Cl)c1
chlorothiazide,0.02413217536127223,-1.7519999999999998,NS(=O)(=O)c2cc1c(N=CNS1(=O)=O)cc2Cl 
Pentamethylbenzene,-0.4297302642641671,-3.9930000000000003,Cc1cc(C)c(C)c(C)c1C
Malonic acid diethylester,1.0895145336399348,-1.413,CCOC(=O)CC(=O)OCC
2-Chlorobutane,0.5448796060894077,-1.94,CCC(C)Cl
"2,2,5-Trimethylhexane",-0.9313676975343893,-3.6310000000000002,CC(C)CCC(C)(C)C
Secobarbital,0.35569063125606676,-2.415,O=C1NC(=O)NC(=O)C1(C(C)CCC)CC=C
"1,3-Dimethylnaphthalene",-0.568277745834038,-4.147,Cc1cc(C)c2ccccc2c1
Quinoline,0.860194564144976,-2.6630000000000003,c1ccc2ncccc2c1
2-Methyl-2-pentanol,1.2471720126677188,-1.308,CCCC(C)(C)O
alloxantin,0.5305471079959728,0.919,C1(=O)NC(=O)NC(=O)C1(O)C2(O)C(=O)NC(=O)NC2(=O)
3-Methyl-2-pentanol,1.1420670266491961,-1.308,CCC(C)CCO
Benznidazole,0.1387921601087515,-2.3209999999999997,O=C(Cn1ccnc1N(=O)=O)NCc2ccccc2
Androsterone,-0.6217857387161951,-3.8819999999999997,CC12CCC(O)CC1CCC3C2CCC4(C)C3CCC4=O
"Digoxin (L1=41,8mg/mL, L2=68,2mg/mL, Z=40,1mg/mL)",-0.46842800911644156,-5.312,CC1OC(CC(O)C1O)OC2C(O)CC(OC2C)OC8C(O)CC(OC7CCC3(C)C(CCC4C3CC(O)C5(C)C(CCC45O)C6=CC(=O)OC6)C7)OC8C 
Ethofumesate,-0.15263530112442522,-3.1839999999999997,CCOC2Oc1ccc(OS(C)(=O)=O)cc1C2(C)C
Cortisone,-0.004532820825597642,-2.8930000000000002,CC12CC(=O)C3C(CCC4=CC(=O)CCC34C)C2CCC1(O)C(=O)CO
1-Bromopropane,0.6547620914724088,-1.949,CCCBr
"1,2,4,5-Tetramethylbenzene",-0.7116027267683872,-3.6639999999999997,Cc1cc(C)c(C)cc1C
Sucrose,1.8586919313209425,0.31,OCC2OC(OC1(CO)OC(CO)C(O)C1O)C(O)C(O)C2O 
chloroacetamide,1.4717144827981994,-0.106,NC(=O)CCl 
Altretamine,-0.12588130468334666,-2.492,CN(C)c1nc(nc(n1)N(C)C)N(C)C
"2,6-PCB",-1.0078076873660424,-4.984,Clc1cccc(Cl)c1c2ccccc2 
Isopropylbenzene ,-0.08097281065725064,-3.265,CC(C)c1ccccc1
2-Heptanone,0.7885320736778014,-1.554,CCCCCC(=O)C
Mefluidide,-0.0666403125638158,-3.165,CC(=O)Nc1cc(NS(=O)(=O)C(F)(F)F)c(C)cc1C
N-Methylaniline ,0.8697495628739326,-2.097,CNc1ccccc1
5-Ethyl-5-isopropylbarbituric acid,0.4550626180372154,-1.6030000000000002,O=C1NC(=O)NC(=O)C1(CC)C(C)C
Hexachloroethane,-0.2720727852363829,-4.215,ClC(Cl)(Cl)C(Cl)(Cl)Cl
3-Methylheptane,-0.9839201905436509,-3.3080000000000003,CCCCC(C)CC
Quinethazone,-0.09052780938620726,-2.184,CCC2NC(=O)c1cc(c(Cl)cc1N2)S(N)(=O)=O
butacarb,-0.5443902490116466,-4.6419999999999995,c1(C(C)(C)C)cc(C(C)(C)C)cc(OC(=O)NC)c1
Methyl formate,1.758364444666898,-0.048,COC=O
"3,5-Dimethylphenol",0.812419570500193,-2.6519999999999997,Cc1cc(C)cc(O)c1
Propyl butyrate,0.563989603547321,-1.1909999999999998,CCCC(=O)OC
2-Chloronapthalene,-0.49661525536686324,-4.063,Clc1ccc2ccccc2c1
"2,3-Dimethylbutane",-0.2625177865074263,-2.5839999999999996,CC(C)C(C)C
hydrochlorothiazide,0.22478714866936111,-1.72,NS(=O)(=O)c2cc1c(NCNS1(=O)=O)cc2Cl 
Atratone,0.4856386139698766,-3.185,CCNc1nc(NC(C)C)nc(OC)n1
Fructose,1.7870294408537677,0.47100000000000003,OCC1OC(O)(CO)C(O)C1O
Di(2-ethylhexyl)-phthalate,-1.8438700761497462,-7.117000000000001,CCCCC(CC)COC(=O)c1ccccc1C(=O)OCC(CC)CCCC
Reposal,0.19325565286380417,-2.781,CCC1(C(=O)NC(=O)NC1=O)C2=CCC3CCC2C3
Risocaine,0.309826637357075,-2.7089999999999996,CCCOC(=O)c1ccc(N)cc1
2-cyanoguanidine,1.3331670012283285,0.361,NC(N)=NC#N 
"1,3-Butadiene",0.5878771003697124,-1.376,C=CC=C
Linuron,-0.23480829019345217,-3.5810000000000004,CON(C)C(=O)Nc1ccc(Cl)c(Cl)c1
Chlortoluron,-0.18273354712063863,-3.048,CN(C)C(=O)Nc1ccc(C)c(Cl)c1
XMC,0.24819689555530458,-2.688,CNC(=O)Oc1cc(C)cc(C)c1
1-Iodopropane,0.3872221270616235,-2.4859999999999998,CCCI
o-Nitroanisole,0.5448796060894077,-2.346,COc1ccccc1N(=O)=O
D-fenchone,0.597432099098669,-2.158,CC2(C)C1CCC(C)(C1)C2=O
Lorazepam,-0.24054128943082595,-3.75,OC3N=C(c1ccccc1Cl)c2cc(Cl)ccc2NC3=O
2-Methylphenol,1.185064520929501,-2.281,Cc1ccccc1O
"1,2,4,5-Tetrachlorobenzene",-1.175020165122783,-4.621,Clc1cc(Cl)c(Cl)cc1Cl
4-hydroxypyridine,1.9685744167039436,-1.655,Oc1ccncc1
dimetan,1.0751820355464998,-2.3040000000000003,CN(C)C(=O)OC1=CC(=O)CC(C)(C)C1 
Amobarbital,0.3021826383739097,-2.312,CCC1(CCC(C)C)C(=O)NC(=O)NC1=O
"2,4',5-PCB",-1.5046676212717864,-5.7620000000000005,Clc1ccc(cc1)c2cc(Cl)ccc2Cl 
m-Fluorobromobenzene,0.20567715121144786,-3.467,Fc1cccc(Br)c1
"1,2-Dibromoethane",0.6786495882948004,-2.102,BrCCBr
Ethisterone,-1.2227951587675663,-3.858,CC12CCC(=O)C=C1CCC3C2CCC4(C)C3CCC4(O)C#C 
methyltestosterone acetate,-1.0431611826631817,-4.863,CC(=O)OC3(C)CCC4C2CCC1=CC(=O)CCC1(C)C2CCC34C 
Dexamethasone,-0.23385279032055642,-3.4,CC1CC2C3CCC4=CC(=O)C=CC4(C)C3(F)C(O)CC2(C)C1(O)C(=O)CO
triamcinolone diacetate,-0.49183775600238505,-3.8760000000000003,CC(=O)OCC(=O)C3(O)C(CC4C2CCC1=CC(=O)C=CC1(C)C2(F)C(O)CC34C)OC(C)=O 
Flucytosine,1.0168965432998645,-0.132,Nc1nc(=O)[nH]cc1F
phthalamide,0.0805066678621162,-0.636,c1cC2C(=O)NC(=O)C2cc1
2-aminoanthracene,-0.9886976899081291,-3.7889999999999997,Nc3ccc2cc1ccccc1cc2c3 
Prasterone,-0.48706025663790686,-3.5639999999999996,CC34CCC1C(CC=C2CC(O)CCC12C)C3CCC4=O
Fluvalinate,-2.342163259864834,-8.057,CC(C)C(Nc1ccc(cc1Cl)C(F)(F)F)C(=O)OC(C#N)c2cccc(Oc3ccccc3)c2
Cholanthrene,-2.269067519588315,-5.942,C1Cc2c3c1cccc3cc4c2ccc5ccccc54
Tetrachloromethane,0.3776671283326669,-2.6069999999999998,ClC(Cl)(Cl)Cl
Carbaryl,-0.05899631358065029,-3.0869999999999997,CNC(=O)Oc1cccc2ccccc12
Napropamide,-0.2242977915915998,-4.088,CCN(CC)C(=O)C(C)Oc1cccc2ccccc12 
Isazofos,-0.2663397859990089,-3.76,CCOP(=S)(OCC)Oc1nc(Cl)n(n1)C(C)C
2-Octanone,0.501882111809103,-1.909,CCCCCCC(=O)C
"1,2-Dichlorobenzene",0.02413217536127223,-3.4819999999999998,Clc1ccccc1Cl
Butan-2-ol,1.7058119516576364,-0.616,CCC(C)O
3-Ethanoyloxymethylphenytoin,-0.6542727343946474,-2.7230000000000003,O=C1N(COC(=O)C)C(=O)C(N1)(c2ccccc2)c3ccccc3
Phosalone,-1.0187959359043424,-5.024,CCOP(=S)(OCC)SCn1c(=O)oc2cc(Cl)ccc12
Amitraz,-1.1320226708424783,-5.5329999999999995,CN(C=Nc1ccc(C)cc1C)C=Nc2ccc(C)cc2C
Methoprene,-0.9982526886370859,-4.795,COC(C)(C)CCCC(C)CC=CC(C)=CC(=O)OC(C)C
5-methylcytosine,0.7847100741862186,-0.257,Nc1c(C)c[nH]c(=O)n1 
Khellin,0.037986923518259066,-3.603,COc2c1occc1c(OC)c3c(=O)cc(C)oc23 
"2,2',4,4',6,6'-PCB",-2.6799324649334504,-7.178999999999999,Clc1cc(Cl)c(c(Cl)c1)c2c(Cl)cc(Cl)cc2Cl 
Nitrazepam,-0.3322692772288097,-3.4730000000000003,O=C3CN=C(c1ccccc1)c2cc(ccc2N3)N(=O)=O
Trichloronate,-1.266748152920767,-5.225,CCOP(=S)(CC)Oc1cc(Cl)c(Cl)cc1Cl
1-Hexyne ,0.3537796315102754,-1.801,CCCCC#C
"5,6,7,8-tetrahydro-2-naphthol",0.5305471079959728,-3.0860000000000003,Oc2ccc1CCCCc1c2 
Butylate,-0.2768502846008613,-3.4530000000000003,CCSC(=O)N(CC(C)C)CC(C)C
"2,2',3,4,4',5',6-PCB",-2.3025100151396636,-7.898,Clc1ccc(c(Cl)c1)c2c(Cl)c(Cl)c(Cl)c(Cl)c2Cl
RTI 6,-0.12397030493755534,-3.335,CCN2c1nc(N(C)(CCO))ccc1NC(=O)c3cccnc23 
Thiometon,0.0045444279669109916,-3.323,CCSCCSP(=S)(OC)OC
triforine,-0.5205027521892551,-3.715,ClC(Cl)(Cl)C(NC=O)N1C=CN(C=C1)C(NC=O)C(Cl)(Cl)Cl 
Nerol,0.3060046378654923,-2.603,CC(C)=CCC/C(C)=C\CO
Tricyclazole,0.4923271130801464,-2.8680000000000003,Cc2cccc3sc1nncn1c23 
